 -1.06753258,  1.88205744
 -1.06778259,  1.88205744
 -1.06765758,  1.88218244
 -1.06778259,  1.88205744
 -1.06778259,  1.88205744
 -1.06778259,  1.88193243
 -1.06790759,  1.88193243
 -1.06778259,  1.88193243
 -1.06778259,  1.88218244
 -1.06765758,  1.88205744
 -1.06765758,  1.88218244
 -1.06753258,  1.88205744
 -1.06765758,  1.88205744
 -1.06778259,  1.88218244
 -1.06778259,  1.88218244
 -1.06753258,  1.88218244
 -1.06740757,  1.88230744
 -1.06765758,  1.88205744
 -1.06765758,  1.88218244
 -1.06778259,  1.88193243
 -1.06740757,  1.88193243
 -1.06765758,  1.88193243
 -1.06778259,  1.88218244
 -1.06765758,  1.88205744
 -1.06740757,  1.88205744
 -1.06765758,  1.88230744
 -1.06778259,  1.88205744
 -1.06740757,  1.88218244
 -1.06778259,  1.88218244
 -1.06790759,  1.88205744
 -1.06765758,  1.88218244
 -1.06778259,  1.88218244
 -1.06753258,  1.88230744
 -1.06778259,  1.88205744
 -1.06765758,  1.88218244
 -1.06765758,  1.88218244
 -1.06765758,  1.88205744
 -1.06765758,  1.88205744
 -1.06803259,  1.88218244
 -1.06765758,  1.88205744
 -1.06765758,  1.88218244
 -1.06740757,  1.88218244
 -1.06765758,  1.88218244
 -1.06765758,  1.88218244
 -1.06765758,  1.88205744
 -1.06765758,  1.88205744
 -1.06753258,  1.88193243
 -1.06753258,  1.88168242
 -1.06778259,  1.88205744
 -1.06765758,  1.88218244
 -1.06778259,  1.88205744
 -1.06790759,  1.88205744
 -1.06778259,  1.88193243
 -1.06778259,  1.88193243
 -1.06765758,  1.88193243
 -1.06753258,  1.88193243
 -1.06753258,  1.88193243
 -1.06765758,  1.88180743
 -1.06765758,  1.88205744
 -1.06765758,  1.88205744
 -1.06790759,  1.88218244
 -1.06765758,  1.88205744
 -1.06790759,  1.88193243
 -1.06790759,  1.88205744
 -1.06765758,  1.88193243
 -1.06753258,  1.88205744
 -1.06778259,  1.88218244
 -1.06778259,  1.88218244
 -1.06778259,  1.88218244
 -1.06765758,  1.88205744
 -1.06790759,  1.88205744
 -1.06778259,  1.88218244
 -1.06765758,  1.88205744
 -1.06740757,  1.88205744
 -1.06765758,  1.88218244
 -1.06753258,  1.88205744
 -1.06753258,  1.88205744
 -1.06778259,  1.88205744
 -1.06778259,  1.88193243
 -1.06765758,  1.88205744
 -1.06778259,  1.88218244
 -1.06765758,  1.88205744
 -1.06765758,  1.88193243
 -1.06778259,  1.88193243
 -1.06765758,  1.88205744
 -1.06765758,  1.88218244
 -1.06765758,  1.88205744
 -1.06740757,  1.88205744
 -1.06753258,  1.88205744
 -1.06753258,  1.88180743
 -1.06778259,  1.88205744
 -1.06778259,  1.88193243
 -1.06740757,  1.88205744
 -1.06765758,  1.88193243
 -1.06753258,  1.88205744
 -1.06740757,  1.88193243
 -1.06765758,  1.88205744
 -1.06778259,  1.88205744
 -1.06765758,  1.88218244
 -1.06778259,  1.88205744
 -1.06778259,  1.88205744
 -1.06778259,  1.88205744
 -1.06778259,  1.88205744
 -1.06765758,  1.88218244
 -1.06765758,  1.88218244
 -1.06778259,  1.88205744
 -1.06765758,  1.88193243
 -1.06778259,  1.88180743
 -1.06790759,  1.88218244
 -1.06765758,  1.88193243
 -1.06778259,  1.88218244
 -1.06765758,  1.88193243
 -1.06778259,  1.88205744
 -1.06778259,  1.88193243
 -1.06778259,  1.88205744
 -1.06765758,  1.88205744
 -1.06778259,  1.88193243
 -1.06753258,  1.88230744
 -1.06765758,  1.88230744
 -1.06728257,  1.88230744
 -1.06740757,  1.88193243
 -1.06740757,  1.88218244
 -1.06715757,  1.88218244
 -1.06740757,  1.88230744
 -1.06753258,  1.88230744
 -1.06740757,  1.88230744
 -1.06740757,  1.88230744
 -1.06728257,  1.88230744
 -1.06728257,  1.88218244
 -1.06728257,  1.88230744
 -1.06740757,  1.88205744
 -1.06740757,  1.88205744
 -1.06753258,  1.88205744
 -1.06753258,  1.88218244
 -1.06753258,  1.88193243
 -1.06778259,  1.88205744
 -1.06753258,  1.88205744
 -1.06753258,  1.88205744
 -1.06803259,  1.88218244
 -1.06778259,  1.88205744
 -1.06765758,  1.88193243
 -1.06765758,  1.88205744
 -1.06753258,  1.88218244
 -1.06765758,  1.88205744
 -1.06778259,  1.88205744
 -1.06765758,  1.88205744
 -1.06778259,  1.88205744
 -1.06778259,  1.88193243
 -1.06765758,  1.88218244
 -1.06765758,  1.88193243
 -1.06728257,  1.88193243
 -1.06765758,  1.88193243
 -1.06765758,  1.88193243
 -1.06753258,  1.88205744
 -1.06790759,  1.88180743
 -1.06765758,  1.88193243
 -1.06790759,  1.88205744
 -1.06765758,  1.88205744
 -1.06740757,  1.88205744
 -1.06765758,  1.88205744
 -1.06753258,  1.88205744
 -1.06753258,  1.88193243
 -1.06740757,  1.88218244
 -1.06765758,  1.88205744
 -1.06753258,  1.88193243
 -1.06765758,  1.88218244
 -1.06753258,  1.88205744
 -1.06740757,  1.88218244
 -1.06728257,  1.88218244
 -1.06765758,  1.88218244
 -1.06740757,  1.88205744
 -1.06753258,  1.88218244
 -1.06753258,  1.88193243
 -1.06753258,  1.88193243
 -1.06753258,  1.88193243
 -1.06740757,  1.88218244
 -1.06740757,  1.88205744
 -1.06753258,  1.88218244
 -1.06765758,  1.88218244
 -1.06715757,  1.88230744
 -1.06740757,  1.88230744
 -1.06753258,  1.88205744
 -1.06728257,  1.88205744
 -1.06728257,  1.88243245
 -1.06740757,  1.88218244
 -1.06753258,  1.88205744
 -1.06690756,  1.88218244
 -1.06703256,  1.88205744
 -1.06740757,  1.88218244
 -1.06728257,  1.88205744
 -1.06740757,  1.88218244
 -1.06728257,  1.88205744
 -1.06715757,  1.88205744
 -1.06690756,  1.88205744
 -1.06690756,  1.88243245
 -1.06715757,  1.88230744
 -1.06690756,  1.88218244
 -1.06715757,  1.88218244
 -1.06703256,  1.88218244
 -1.06690756,  1.88230744
 -1.06715757,  1.88218244
 -1.06740757,  1.88205744
 -1.06728257,  1.88180743
 -1.06715757,  1.88193243
 -1.06740757,  1.88205744
 -1.06715757,  1.88205744
 -1.06740757,  1.88193243
 -1.06703256,  1.88205744
 -1.06728257,  1.88205744
 -1.06753258,  1.88218244
 -1.06728257,  1.88230744
 -1.06715757,  1.88230744
 -1.06728257,  1.88218244
 -1.06715757,  1.88230744
 -1.06703256,  1.88218244
 -1.06703256,  1.88205744
 -1.06728257,  1.88205744
 -1.06703256,  1.88218244
 -1.06728257,  1.88205744
 -1.06728257,  1.88205744
 -1.06753258,  1.88205744
 -1.06728257,  1.88218244
 -1.06740757,  1.88218244
 -1.06715757,  1.88218244
 -1.06740757,  1.88218244
 -1.06740757,  1.88205744
 -1.06728257,  1.88218244
 -1.06715757,  1.88205744
 -1.06728257,  1.88218244
 -1.06740757,  1.88218244
 -1.06703256,  1.88218244
 -1.06728257,  1.88218244
 -1.06728257,  1.88218244
 -1.06703256,  1.88218244
 -1.06703256,  1.88205744
 -1.06715757,  1.88243245
 -1.06703256,  1.88243245
 -1.06703256,  1.88243245
 -1.06715757,  1.88243245
 -1.06715757,  1.88243245
 -1.06740757,  1.88218244
 -1.06728257,  1.88243245
 -1.06690756,  1.88218244
 -1.06690756,  1.88243245
 -1.06703256,  1.88218244
 -1.06703256,  1.88230744
 -1.06715757,  1.88218244
 -1.06728257,  1.88218244
 -1.06740757,  1.88218244
 -1.06765758,  1.88218244
 -1.06703256,  1.88230744
 -1.06740757,  1.88230744
 -1.06753258,  1.88205744
 -1.06715757,  1.88230744
 -1.06715757,  1.88218244
 -1.06728257,  1.88205744
 -1.06740757,  1.88205744
 -1.06728257,  1.88205744
 -1.06728257,  1.88218244
 -1.06715757,  1.88205744
 -1.06740757,  1.88218244
 -1.06740757,  1.88205744
 -1.06715757,  1.88230744
 -1.06740757,  1.88193243
 -1.06740757,  1.88193243
 -1.06728257,  1.88218244
 -1.06765758,  1.88193243
 -1.06753258,  1.88205744
 -1.06728257,  1.88205744
 -1.06728257,  1.88218244
 -1.06703256,  1.88218244
 -1.06715757,  1.88218244
 -1.06703256,  1.88218244
 -1.06703256,  1.88205744
 -1.06703256,  1.88218244
 -1.06690756,  1.88230744
 -1.06703256,  1.88218244
 -1.06665755,  1.88218244
 -1.06703256,  1.88230744
 -1.06703256,  1.88243245
 -1.06715757,  1.88218244
 -1.06703256,  1.88218244
 -1.06715757,  1.88218244
 -1.06690756,  1.88230744
 -1.06728257,  1.88218244
 -1.06703256,  1.88218244
 -1.06703256,  1.88230744
 -1.06703256,  1.88205744
 -1.06728257,  1.88218244
 -1.06703256,  1.88218244
 -1.06715757,  1.88230744
 -1.06690756,  1.88230744
 -1.06703256,  1.88230744
 -1.06690756,  1.88230744
 -1.06678256,  1.88218244
 -1.06665755,  1.88230744
 -1.06690756,  1.88230744
 -1.06678256,  1.88243245
 -1.06715757,  1.88230744
 -1.06665755,  1.88218244
 -1.06678256,  1.88218244
 -1.06703256,  1.88230744
 -1.06665755,  1.88218244
 -1.06665755,  1.88243245
 -1.06640754,  1.88243245
 -1.06665755,  1.88218244
 -1.06678256,  1.88230744
 -1.06678256,  1.88243245
 -1.06665755,  1.88218244
 -1.06665755,  1.88230744
 -1.06678256,  1.88218244
 -1.06690756,  1.88243245
 -1.06690756,  1.88205744
 -1.06653255,  1.88243245
 -1.06690756,  1.88218244
 -1.06678256,  1.88230744
 -1.06703256,  1.88243245
 -1.06690756,  1.88218244
 -1.06690756,  1.88230744
 -1.06678256,  1.88230744
 -1.06690756,  1.88255745
 -1.06678256,  1.88230744
 -1.06690756,  1.88230744
 -1.06665755,  1.88218244
 -1.06678256,  1.88230744
 -1.06665755,  1.88243245
 -1.06653255,  1.88218244
 -1.06665755,  1.88230744
 -1.06640754,  1.88255745
 -1.06653255,  1.88243245
 -1.06665755,  1.88230744
 -1.06640754,  1.88218244
 -1.06690756,  1.88205744
 -1.06678256,  1.88230744
 -1.06690756,  1.88218244
 -1.06690756,  1.88243245
 -1.06703256,  1.88218244
 -1.06665755,  1.88230744
 -1.06703256,  1.88243245
 -1.06678256,  1.88243245
 -1.06678256,  1.88243245
 -1.06678256,  1.88230744
 -1.06678256,  1.88230744
 -1.06665755,  1.88230744
 -1.06665755,  1.88243245
 -1.06678256,  1.88230744
 -1.06690756,  1.88243245
 -1.06690756,  1.88230744
 -1.06665755,  1.88218244
 -1.06678256,  1.88255745
 -1.06653255,  1.88243245
 -1.06678256,  1.88230744
 -1.06690756,  1.88230744
 -1.06678256,  1.88218244
 -1.06703256,  1.88218244
 -1.06703256,  1.88230744
 -1.06703256,  1.88243245
 -1.06690756,  1.88243245
 -1.06715757,  1.88230744
 -1.06703256,  1.88218244
 -1.06703256,  1.88205744
 -1.06715757,  1.88230744
 -1.06678256,  1.88218244
 -1.06678256,  1.88230744
 -1.06690756,  1.88218244
 -1.06678256,  1.88230744
 -1.06678256,  1.88230744
 -1.06690756,  1.88218244
 -1.06690756,  1.88218244
 -1.06690756,  1.88218244
 -1.06690756,  1.88230744
 -1.06678256,  1.88218244
 -1.06690756,  1.88218244
 -1.06678256,  1.88230744
 -1.06678256,  1.88218244
 -1.06678256,  1.88230744
 -1.06678256,  1.88230744
 -1.06690756,  1.88243245
 -1.06703256,  1.88243245
 -1.06678256,  1.88230744
 -1.06678256,  1.88230744
 -1.06703256,  1.88205744
 -1.06678256,  1.88230744
 -1.06678256,  1.88205744
 -1.06678256,  1.88243245
 -1.06678256,  1.88218244
 -1.06690756,  1.88218244
 -1.06703256,  1.88205744
 -1.06690756,  1.88218244
 -1.06690756,  1.88218244
 -1.06678256,  1.88218244
 -1.06678256,  1.88218244
 -1.06665755,  1.88218244
 -1.06640754,  1.88230744
 -1.06665755,  1.88218244
 -1.06678256,  1.88230744
 -1.06665755,  1.88218244
 -1.06678256,  1.88230744
 -1.06653255,  1.88218244
 -1.06678256,  1.88243245
 -1.06678256,  1.88230744
 -1.06665755,  1.88230744
 -1.06653255,  1.88218244
 -1.06653255,  1.88218244
 -1.06690756,  1.88230744
 -1.06678256,  1.88230744
 -1.06678256,  1.88230744
 -1.06678256,  1.88230744
 -1.06665755,  1.88243245
 -1.06628254,  1.88243245
 -1.06653255,  1.88230744
 -1.06653255,  1.88255745
 -1.06665755,  1.88230744
 -1.06678256,  1.88243245
 -1.06678256,  1.88243245
 -1.06640754,  1.88230744
 -1.06678256,  1.88230744
 -1.06678256,  1.88230744
 -1.06690756,  1.88230744
 -1.06678256,  1.88230744
 -1.06690756,  1.88218244
 -1.06690756,  1.88230744
 -1.06653255,  1.88230744
 -1.06690756,  1.88243245
 -1.06678256,  1.88230744
 -1.06678256,  1.88243245
 -1.06653255,  1.88230744
 -1.06665755,  1.88230744
 -1.06665755,  1.88218244
 -1.06678256,  1.88230744
 -1.06653255,  1.88230744
 -1.06653255,  1.88230744
 -1.06665755,  1.88218244
 -1.06665755,  1.88230744
 -1.06640754,  1.88230744
 -1.06665755,  1.88218244
 -1.06678256,  1.88243245
 -1.06678256,  1.88243245
 -1.06703256,  1.88230744
 -1.06678256,  1.88218244
 -1.06665755,  1.88255745
 -1.06665755,  1.88230744
 -1.06703256,  1.88205744
 -1.06678256,  1.88243245
 -1.06678256,  1.88205744
 -1.06678256,  1.88230744
 -1.06665755,  1.88243245
 -1.06665755,  1.88230744
 -1.06690756,  1.88230744
 -1.06678256,  1.88243245
 -1.06665755,  1.88243245
 -1.06665755,  1.88230744
 -1.06678256,  1.88243245
 -1.06678256,  1.88218244
 -1.06678256,  1.88230744
 -1.06665755,  1.88243245
 -1.06690756,  1.88230744
 -1.06665755,  1.88230744
 -1.06665755,  1.88230744
 -1.06678256,  1.88230744
 -1.06653255,  1.88243245
 -1.06665755,  1.88243245
 -1.06653255,  1.88243245
 -1.06653255,  1.88243245
 -1.06678256,  1.88230744
 -1.06665755,  1.88218244
 -1.06690756,  1.88230744
 -1.06678256,  1.88218244
 -1.06690756,  1.88243245
 -1.06665755,  1.88218244
 -1.06665755,  1.88243245
 -1.06678256,  1.88243245
 -1.06678256,  1.88218244
 -1.06690756,  1.88205744
 -1.06690756,  1.88218244
 -1.06678256,  1.88218244
 -1.06653255,  1.88243245
 -1.06665755,  1.88230744
 -1.06690756,  1.88243245
 -1.06653255,  1.88243245
 -1.06653255,  1.88230744
 -1.06653255,  1.88218244
 -1.06653255,  1.88218244
 -1.06665755,  1.88243245
 -1.06665755,  1.88243245
 -1.06640754,  1.88243245
 -1.06653255,  1.88230744
 -1.06665755,  1.88243245
 -1.06653255,  1.88218244
 -1.06653255,  1.88230744
 -1.06640754,  1.88230744
 -1.06653255,  1.88230744
 -1.06640754,  1.88243245
 -1.06628254,  1.88243245
 -1.06615754,  1.88243245
 -1.06640754,  1.88243245
 -1.06640754,  1.88230744
 -1.06653255,  1.88243245
 -1.06640754,  1.88230744
 -1.06678256,  1.88230744
 -1.06653255,  1.88230744
 -1.06653255,  1.88243245
 -1.06665755,  1.88255745
 -1.06640754,  1.88255745
 -1.06640754,  1.88243245
 -1.06665755,  1.88230744
 -1.06678256,  1.88218244
 -1.06665755,  1.88243245
 -1.06653255,  1.88205744
 -1.06653255,  1.88218244
 -1.06640754,  1.88230744
 -1.06653255,  1.88243245
 -1.06653255,  1.88218244
 -1.06665755,  1.88230744
 -1.06665755,  1.88230744
 -1.06653255,  1.88230744
 -1.06653255,  1.88230744
 -1.06678256,  1.88230744
 -1.06640754,  1.88218244
 -1.06665755,  1.88230744
 -1.06628254,  1.88243245
 -1.06665755,  1.88230744
 -1.06653255,  1.88205744
 -1.06628254,  1.88205744
 -1.06653255,  1.88230744
 -1.06665755,  1.88230744
 -1.06640754,  1.88218244
 -1.06665755,  1.88205744
 -1.06690756,  1.88230744
 -1.06640754,  1.88230744
 -1.06665755,  1.88205744
 -1.06678256,  1.88205744
 -1.06665755,  1.88205744
 -1.06678256,  1.88205744
 -1.06665755,  1.88218244
 -1.06665755,  1.88218244
 -1.06678256,  1.88230744
 -1.06665755,  1.88230744
 -1.06678256,  1.88205744
 -1.06678256,  1.88230744
 -1.06665755,  1.88243245
 -1.06678256,  1.88218244
 -1.06653255,  1.88230744
 -1.06665755,  1.88230744
 -1.06690756,  1.88230744
 -1.06690756,  1.88218244
 -1.06678256,  1.88218244
 -1.06678256,  1.88218244
 -1.06715757,  1.88218244
 -1.06678256,  1.88230744
 -1.06678256,  1.88230744
 -1.06665755,  1.88218244
 -1.06665755,  1.88230744
 -1.06665755,  1.88218244
 -1.06690756,  1.88218244
 -1.06665755,  1.88205744
 -1.06653255,  1.88230744
 -1.06665755,  1.88230744
 -1.06665755,  1.88218244
 -1.06678256,  1.88243245
 -1.06690756,  1.88230744
 -1.06690756,  1.88230744
 -1.06665755,  1.88230744
 -1.06665755,  1.88243245
 -1.06665755,  1.88218244
 -1.06665755,  1.88230744
 -1.06678256,  1.88243245
 -1.06678256,  1.88218244
 -1.06665755,  1.88218244
 -1.06653255,  1.88205744
 -1.06678256,  1.88205744
 -1.06690756,  1.88193243
 -1.06690756,  1.88218244
 -1.06690756,  1.88205744
 -1.06678256,  1.88218244
 -1.06703256,  1.88230744
 -1.06690756,  1.88218244
 -1.06665755,  1.88218244
 -1.06703256,  1.88205744
 -1.06703256,  1.88205744
 -1.06728257,  1.88193243
 -1.06678256,  1.88205744
 -1.06665755,  1.88205744
 -1.06690756,  1.88205744
 -1.06690756,  1.88205744
 -1.06678256,  1.88205744
 -1.06665755,  1.88218244
 -1.06703256,  1.88218244
 -1.06690756,  1.88205744
 -1.06703256,  1.88205744
 -1.06665755,  1.88230744
 -1.06690756,  1.88230744
 -1.06678256,  1.88230744
 -1.06640754,  1.88230744
 -1.06665755,  1.88230744
 -1.06653255,  1.88243245
 -1.06640754,  1.88243245
 -1.06640754,  1.88218244
 -1.06653255,  1.88243245
 -1.06665755,  1.88193243
 -1.06628254,  1.88205744
 -1.06653255,  1.88243245
 -1.06640754,  1.88218244
 -1.06653255,  1.88218244
 -1.06653255,  1.88243245
 -1.06640754,  1.88230744
 -1.06653255,  1.88230744
 -1.06665755,  1.88243245
 -1.06653255,  1.88230744
 -1.06665755,  1.88230744
 -1.06665755,  1.88218244
 -1.06678256,  1.88218244
 -1.06678256,  1.88230744
 -1.06665755,  1.88205744
 -1.06690756,  1.88205744
 -1.06665755,  1.88230744
 -1.06665755,  1.88230744
 -1.06628254,  1.88230744
 -1.06640754,  1.88230744
 -1.06665755,  1.88230744
 -1.06665755,  1.88230744
 -1.06653255,  1.88230744
 -1.06665755,  1.88243245
 -1.06640754,  1.88230744
 -1.06653255,  1.88230744
 -1.06665755,  1.88243245
 -1.06653255,  1.88243245
 -1.06653255,  1.88230744
 -1.06665755,  1.88230744
 -1.06665755,  1.88230744
 -1.06653255,  1.88243245
 -1.06640754,  1.88243245
 -1.06653255,  1.88218244
 -1.06653255,  1.88255745
 -1.06628254,  1.88243245
 -1.06640754,  1.88243245
 -1.06628254,  1.88230744
 -1.06628254,  1.88243245
 -1.06678256,  1.88230744
 -1.06665755,  1.88230744
 -1.06640754,  1.88230744
 -1.06665755,  1.88230744
 -1.06640754,  1.88230744
 -1.06653255,  1.88243245
 -1.06640754,  1.88255745
 -1.06590753,  1.88230744
 -1.06615754,  1.88230744
 -1.06615754,  1.88255745
 -1.06640754,  1.88255745
 -1.06628254,  1.88230744
 -1.06640754,  1.88230744
 -1.06640754,  1.88268245
 -1.06615754,  1.88243245
 -1.06615754,  1.88268245
 -1.06615754,  1.88255745
 -1.06628254,  1.88243245
 -1.06615754,  1.88243245
 -1.06603253,  1.88230744
 -1.06603253,  1.88255745
 -1.06628254,  1.88230744
 -1.06640754,  1.88230744
 -1.06640754,  1.88243245
 -1.06615754,  1.88243245
 -1.06628254,  1.88255745
 -1.06640754,  1.88255745
 -1.06628254,  1.88243245
 -1.06628254,  1.88255745
 -1.06615754,  1.88255745
 -1.06590753,  1.88243245
 -1.06615754,  1.88255745
 -1.06603253,  1.88255745
 -1.06590753,  1.88255745
 -1.06603253,  1.88243245
 -1.06615754,  1.88255745
 -1.06603253,  1.88255745
 -1.06603253,  1.88243245
 -1.06590753,  1.88243245
 -1.06590753,  1.88268245
 -1.06603253,  1.88255745
 -1.06615754,  1.88255745
 -1.06603253,  1.88268245
 -1.06603253,  1.88255745
 -1.06615754,  1.88243245
 -1.06590753,  1.88255745
 -1.06603253,  1.88255745
 -1.06628254,  1.88268245
 -1.06615754,  1.88255745
 -1.06628254,  1.88255745
 -1.06615754,  1.88255745
 -1.06615754,  1.88255745
 -1.06615754,  1.88243245
 -1.06603253,  1.88243245
 -1.06590753,  1.88268245
 -1.06615754,  1.88255745
 -1.06615754,  1.88243245
 -1.06628254,  1.88230744
 -1.06615754,  1.88230744
 -1.06615754,  1.88255745
 -1.06640754,  1.88230744
 -1.06628254,  1.88243245
 -1.06665755,  1.88230744
 -1.06615754,  1.88243245
 -1.06628254,  1.88230744
 -1.06665755,  1.88243245
 -1.06628254,  1.88243245
 -1.06640754,  1.88243245
 -1.06615754,  1.88255745
 -1.06628254,  1.88255745
 -1.06628254,  1.88255745
 -1.06640754,  1.88243245
 -1.06628254,  1.88255745
 -1.06628254,  1.88243245
 -1.06640754,  1.88243245
 -1.06628254,  1.88268245
 -1.06603253,  1.88243245
 -1.06628254,  1.88243245
 -1.06653255,  1.88255745
 -1.06628254,  1.88243245
 -1.06615754,  1.88243245
 -1.06615754,  1.88243245
 -1.06615754,  1.88255745
 -1.06603253,  1.88255745
 -1.06603253,  1.88255745
 -1.06615754,  1.88243245
 -1.06603253,  1.88255745
 -1.06603253,  1.88255745
 -1.06615754,  1.88243245
 -1.06603253,  1.88243245
 -1.06653255,  1.88230744
 -1.06653255,  1.88230744
 -1.06653255,  1.88243245
 -1.06653255,  1.88255745
 -1.06615754,  1.88255745
 -1.06628254,  1.88230744
 -1.06603253,  1.88255745
 -1.06615754,  1.88243245
 -1.06603253,  1.88255745
 -1.06603253,  1.88243245
 -1.06603253,  1.88230744
 -1.06628254,  1.88243245
 -1.06653255,  1.88243245
 -1.06628254,  1.88255745
 -1.06615754,  1.88243245
 -1.06653255,  1.88243245
 -1.06628254,  1.88230744
 -1.06640754,  1.88255745
 -1.06640754,  1.88243245
 -1.06628254,  1.88255745
 -1.06628254,  1.88243245
 -1.06640754,  1.88243245
 -1.06615754,  1.88243245
 -1.06603253,  1.88268245
 -1.06640754,  1.88255745
 -1.06603253,  1.88268245
 -1.06603253,  1.88243245
 -1.06628254,  1.88243245
 -1.06615754,  1.88243245
 -1.06603253,  1.88243245
 -1.06603253,  1.88243245
 -1.06603253,  1.88230744
 -1.06603253,  1.88243245
 -1.06615754,  1.88255745
 -1.06603253,  1.88255745
 -1.06578253,  1.88255745
 -1.06615754,  1.88230744
 -1.06578253,  1.88255745
 -1.06603253,  1.88255745
 -1.06565752,  1.88255745
 -1.06565752,  1.88255745
 -1.06578253,  1.88268245
 -1.06603253,  1.88243245
 -1.06578253,  1.88268245
 -1.06590753,  1.88243245
 -1.06578253,  1.88255745
 -1.06578253,  1.88243245
 -1.06590753,  1.88255745
 -1.06578253,  1.88268245
 -1.06578253,  1.88255745
 -1.06578253,  1.88268245
 -1.06590753,  1.88255745
 -1.06578253,  1.88255745
 -1.06603253,  1.88255745
 -1.06578253,  1.88255745
 -1.06590753,  1.88255745
 -1.06578253,  1.88255745
 -1.06553252,  1.88218244
 -1.06578253,  1.88255745
 -1.06553252,  1.88268245
 -1.06578253,  1.88243245
 -1.06578253,  1.88255745
 -1.06590753,  1.88255745
 -1.06578253,  1.88243245
 -1.06590753,  1.88255745
 -1.06565752,  1.88268245
 -1.06578253,  1.88243245
 -1.06565752,  1.88255745
 -1.06565752,  1.88255745
 -1.06540751,  1.88243245
 -1.06590753,  1.88255745
 -1.06578253,  1.88268245
 -1.06578253,  1.88255745
 -1.06590753,  1.88255745
 -1.06565752,  1.88230744
 -1.06578253,  1.88255745
 -1.06603253,  1.88243245
 -1.06578253,  1.88255745
 -1.06553252,  1.88255745
 -1.06528251,  1.88255745
 -1.06578253,  1.88268245
 -1.06553252,  1.88255745
 -1.06540751,  1.88230744
 -1.06553252,  1.88255745
 -1.06553252,  1.88255745
 -1.06553252,  1.88268245
 -1.06540751,  1.88255745
 -1.06553252,  1.88255745
 -1.06528251,  1.88268245
 -1.06553252,  1.88280746
 -1.06540751,  1.88230744
 -1.06540751,  1.88268245
 -1.06565752,  1.88255745
 -1.06565752,  1.88255745
 -1.06540751,  1.88268245
 -1.06553252,  1.88255745
 -1.06565752,  1.88243245
 -1.06553252,  1.88255745
 -1.06578253,  1.88243245
 -1.06540751,  1.88255745
 -1.06565752,  1.88268245
 -1.06578253,  1.88268245
 -1.06553252,  1.88255745
 -1.06565752,  1.88255745
 -1.06590753,  1.88230744
 -1.06565752,  1.88268245
 -1.06590753,  1.88268245
 -1.06603253,  1.88268245
 -1.06578253,  1.88280746
 -1.06578253,  1.88255745
 -1.06565752,  1.88268245
 -1.06578253,  1.88268245
 -1.06553252,  1.88255745
 -1.06578253,  1.88268245
 -1.06565752,  1.88243245
 -1.06578253,  1.88255745
 -1.06553252,  1.88255745
 -1.06565752,  1.88268245
 -1.06578253,  1.88243245
 -1.06590753,  1.88268245
 -1.06565752,  1.88268245
 -1.06553252,  1.88268245
 -1.06565752,  1.88255745
 -1.06565752,  1.88243245
 -1.06603253,  1.88268245
 -1.06590753,  1.88268245
 -1.06565752,  1.88243245
 -1.06565752,  1.88255745
 -1.06578253,  1.88243245
 -1.06578253,  1.88243245
 -1.06578253,  1.88243245
 -1.06578253,  1.88255745
 -1.06528251,  1.88268245
 -1.06540751,  1.88243245
 -1.06553252,  1.88268245
 -1.06553252,  1.88243245
 -1.06553252,  1.88280746
 -1.06565752,  1.88255745
 -1.06565752,  1.88255745
 -1.06553252,  1.88268245
 -1.06553252,  1.88255745
 -1.06540751,  1.88268245
 -1.06540751,  1.88255745
 -1.06515751,  1.88268245
 -1.06553252,  1.88243245
 -1.06553252,  1.88255745
 -1.06553252,  1.88243245
 -1.06565752,  1.88255745
 -1.06553252,  1.88255745
 -1.06553252,  1.88268245
 -1.06553252,  1.88255745
 -1.06553252,  1.88280746
 -1.06540751,  1.88280746
 -1.06528251,  1.88255745
 -1.06553252,  1.88255745
 -1.06540751,  1.88255745
 -1.06540751,  1.88268245
 -1.06540751,  1.88280746
 -1.06540751,  1.88280746
 -1.06565752,  1.88268245
 -1.06578253,  1.88268245
 -1.06540751,  1.88268245
 -1.06578253,  1.88268245
 -1.06553252,  1.88268245
 -1.06553252,  1.88268245
 -1.06565752,  1.88268245
 -1.06540751,  1.88280746
 -1.06553252,  1.88255745
 -1.06540751,  1.88268245
 -1.06553252,  1.88268245
 -1.06553252,  1.88268245
 -1.06553252,  1.88268245
 -1.06578253,  1.88243245
 -1.06565752,  1.88243245
 -1.06565752,  1.88255745
 -1.06578253,  1.88255745
 -1.06578253,  1.88255745
 -1.06565752,  1.88268245
 -1.06565752,  1.88280746
 -1.06553252,  1.88280746
 -1.06540751,  1.88280746
 -1.06553252,  1.88268245
 -1.06540751,  1.88280746
 -1.06515751,  1.88293246
 -1.06528251,  1.88280746
 -1.06528251,  1.88280746
 -1.06553252,  1.88268245
 -1.06540751,  1.88268245
 -1.06553252,  1.88268245
 -1.06565752,  1.88255745
 -1.06553252,  1.88280746
 -1.06553252,  1.88280746
 -1.06540751,  1.88280746
 -1.06515751,  1.88268245
 -1.06540751,  1.88268245
 -1.06553252,  1.88268245
 -1.06540751,  1.88280746
 -1.06540751,  1.88268245
 -1.06528251,  1.88255745
 -1.06565752,  1.88268245
 -1.06553252,  1.88268245
 -1.06540751,  1.88243245
 -1.06540751,  1.88268245
 -1.06565752,  1.88255745
 -1.06565752,  1.88268245
 -1.06553252,  1.88268245
 -1.06553252,  1.88255745
 -1.06565752,  1.88280746
 -1.06553252,  1.88280746
 -1.06540751,  1.88268245
 -1.06565752,  1.88255745
 -1.06540751,  1.88255745
 -1.06553252,  1.88268245
 -1.06528251,  1.88280746
 -1.06540751,  1.88268245
 -1.06540751,  1.88280746
 -1.06540751,  1.88280746
 -1.06553252,  1.88255745
 -1.06540751,  1.88268245
 -1.06553252,  1.88268245
 -1.06540751,  1.88280746
 -1.06553252,  1.88268245
 -1.06578253,  1.88255745
 -1.06578253,  1.88268245
 -1.06565752,  1.88268245
 -1.06565752,  1.88255745
 -1.06553252,  1.88255745
 -1.06565752,  1.88268245
 -1.06565752,  1.88268245
 -1.06565752,  1.88280746
 -1.06565752,  1.88268245
 -1.06590753,  1.88268245
 -1.06565752,  1.88268245
 -1.06578253,  1.88255745
 -1.06578253,  1.88255745
 -1.06565752,  1.88230744
 -1.06590753,  1.88230744
 -1.06578253,  1.88255745
 -1.06603253,  1.88243245
 -1.06565752,  1.88243245
 -1.06565752,  1.88255745
 -1.06578253,  1.88243245
 -1.06565752,  1.88255745
 -1.06565752,  1.88255745
 -1.06578253,  1.88255745
 -1.06565752,  1.88268245
 -1.06578253,  1.88268245
 -1.06553252,  1.88255745
 -1.06578253,  1.88255745
 -1.06528251,  1.88268245
 -1.06553252,  1.88268245
 -1.06540751,  1.88280746
 -1.06528251,  1.88280746
 -1.06515751,  1.88280746
 -1.06553252,  1.88268245
 -1.06565752,  1.88280746
 -1.06540751,  1.88268245
 -1.06565752,  1.88280746
 -1.06528251,  1.88268245
 -1.06565752,  1.88255745
 -1.06528251,  1.88268245
 -1.06565752,  1.88268245
 -1.06515751,  1.88268245
 -1.06565752,  1.88268245
 -1.06565752,  1.88268245
 -1.06565752,  1.88268245
 -1.06565752,  1.88268245
 -1.06578253,  1.88230744
 -1.06565752,  1.88255745
 -1.06578253,  1.88255745
 -1.06528251,  1.88255745
 -1.06565752,  1.88243245
 -1.06553252,  1.88243245
 -1.06590753,  1.88255745
 -1.06565752,  1.88243245
 -1.06603253,  1.88268245
 -1.06565752,  1.88255745
 -1.06553252,  1.88255745
 -1.06553252,  1.88268245
 -1.06603253,  1.88255745
 -1.06565752,  1.88268245
 -1.06590753,  1.88255745
 -1.06565752,  1.88255745
 -1.06578253,  1.88255745
 -1.06565752,  1.88268245
 -1.06565752,  1.88280746
 -1.06565752,  1.88255745
 -1.06590753,  1.88255745
 -1.06553252,  1.88255745
 -1.06553252,  1.88268245
 -1.06578253,  1.88255745
 -1.06590753,  1.88243245
 -1.06578253,  1.88255745
 -1.06565752,  1.88243245
 -1.06590753,  1.88243245
 -1.06578253,  1.88255745
 -1.06578253,  1.88268245
 -1.06553252,  1.88280746
 -1.06540751,  1.88280746
 -1.06553252,  1.88268245
 -1.06578253,  1.88268245
 -1.06540751,  1.88268245
 -1.06540751,  1.88268245
 -1.06553252,  1.88243245
 -1.06553252,  1.88293246
 -1.06565752,  1.88293246
 -1.06540751,  1.88280746
 -1.06553252,  1.88280746
 -1.06553252,  1.88255745
 -1.06540751,  1.88268245
 -1.06565752,  1.88255745
 -1.06565752,  1.88268245
 -1.06553252,  1.88280746
 -1.06553252,  1.88268245
 -1.06553252,  1.88268245
 -1.06565752,  1.88268245
 -1.06553252,  1.88255745
 -1.06540751,  1.88255745
 -1.06565752,  1.88255745
 -1.06553252,  1.88255745
 -1.06565752,  1.88268245
 -1.06578253,  1.88268245
 -1.06565752,  1.88280746
 -1.06565752,  1.88255745
 -1.06553252,  1.88268245
 -1.06553252,  1.88280746
 -1.06565752,  1.88268245
 -1.06565752,  1.88255745
 -1.06553252,  1.88255745
 -1.06578253,  1.88268245
 -1.06540751,  1.88268245
 -1.06578253,  1.88280746
 -1.06578253,  1.88268245
 -1.06553252,  1.88255745
 -1.06540751,  1.88280746
 -1.06553252,  1.88268245
 -1.06540751,  1.88268245
 -1.06540751,  1.88280746
 -1.06528251,  1.88280746
 -1.06553252,  1.88268245
 -1.06540751,  1.88293246
 -1.06515751,  1.88280746
 -1.06515751,  1.88268245
 -1.06540751,  1.88268245
 -1.06540751,  1.88293246
 -1.06565752,  1.88268245
 -1.06565752,  1.88255745
 -1.06553252,  1.88255745
 -1.06540751,  1.88280746
 -1.06553252,  1.88268245
 -1.06565752,  1.88280746
 -1.06553252,  1.88280746
 -1.06553252,  1.88255745
 -1.06540751,  1.88255745
 -1.06540751,  1.88280746
 -1.06528251,  1.88255745
 -1.06553252,  1.88243245
 -1.06553252,  1.88243245
 -1.06528251,  1.88255745
 -1.06528251,  1.88268245
 -1.06515751,  1.88268245
 -1.06503250,  1.88280746
 -1.06515751,  1.88255745
 -1.06515751,  1.88293246
 -1.06515751,  1.88280746
 -1.06528251,  1.88280746
 -1.06503250,  1.88280746
 -1.06528251,  1.88280746
 -1.06528251,  1.88280746
 -1.06515751,  1.88280746
 -1.06528251,  1.88293246
 -1.06528251,  1.88280746
 -1.06503250,  1.88280746
 -1.06528251,  1.88268245
 -1.06553252,  1.88268245
 -1.06528251,  1.88268245
 -1.06540751,  1.88243245
 -1.06540751,  1.88280746
 -1.06515751,  1.88280746
 -1.06515751,  1.88280746
 -1.06503250,  1.88280746
 -1.06503250,  1.88280746
 -1.06540751,  1.88268245
 -1.06540751,  1.88280746
 -1.06503250,  1.88280746
 -1.06540751,  1.88280746
 -1.06553252,  1.88280746
 -1.06515751,  1.88268245
 -1.06515751,  1.88280746
 -1.06540751,  1.88280746
 -1.06515751,  1.88280746
 -1.06528251,  1.88280746
 -1.06515751,  1.88255745
 -1.06540751,  1.88280746
 -1.06528251,  1.88280746
 -1.06503250,  1.88255745
 -1.06515751,  1.88280746
 -1.06503250,  1.88255745
 -1.06515751,  1.88255745
 -1.06515751,  1.88268245
 -1.06515751,  1.88280746
 -1.06515751,  1.88243245
 -1.06490750,  1.88255745
 -1.06515751,  1.88268245
 -1.06528251,  1.88255745
 -1.06515751,  1.88268245
 -1.06515751,  1.88280746
 -1.06528251,  1.88280746
 -1.06515751,  1.88280746
 -1.06528251,  1.88255745
 -1.06540751,  1.88280746
 -1.06565752,  1.88280746
 -1.06528251,  1.88268245
 -1.06515751,  1.88293246
 -1.06515751,  1.88293246
 -1.06553252,  1.88293246
 -1.06515751,  1.88305747
 -1.06503250,  1.88293246
 -1.06528251,  1.88293246
 -1.06528251,  1.88268245
 -1.06528251,  1.88280746
 -1.06515751,  1.88305747
 -1.06528251,  1.88280746
 -1.06540751,  1.88293246
 -1.06553252,  1.88268245
 -1.06553252,  1.88255745
 -1.06565752,  1.88268245
 -1.06528251,  1.88280746
 -1.06490750,  1.88280746
 -1.06503250,  1.88280746
 -1.06503250,  1.88305747
 -1.06528251,  1.88280746
 -1.06515751,  1.88268245
 -1.06503250,  1.88268245
 -1.06490750,  1.88268245
 -1.06490750,  1.88280746
 -1.06478249,  1.88280746
 -1.06478249,  1.88293246
 -1.06503250,  1.88293246
 -1.06490750,  1.88280746
 -1.06490750,  1.88280746
 -1.06503250,  1.88280746
 -1.06503250,  1.88280746
 -1.06478249,  1.88268245
 -1.06503250,  1.88268245
 -1.06465749,  1.88280746
 -1.06490750,  1.88293246
 -1.06503250,  1.88293246
 -1.06503250,  1.88280746
 -1.06503250,  1.88280746
 -1.06515751,  1.88280746
 -1.06515751,  1.88268245
 -1.06528251,  1.88280746
 -1.06490750,  1.88268245
 -1.06490750,  1.88280746
 -1.06515751,  1.88280746
 -1.06478249,  1.88255745
 -1.06515751,  1.88280746
 -1.06490750,  1.88280746
 -1.06490750,  1.88293246
 -1.06490750,  1.88280746
 -1.06478249,  1.88280746
 -1.06515751,  1.88280746
 -1.06478249,  1.88280746
 -1.06503250,  1.88293246
 -1.06503250,  1.88255745
 -1.06503250,  1.88255745
 -1.06490750,  1.88255745
 -1.06503250,  1.88280746
 -1.06490750,  1.88280746
 -1.06478249,  1.88305747
 -1.06515751,  1.88280746
 -1.06490750,  1.88280746
 -1.06503250,  1.88280746
 -1.06478249,  1.88293246
 -1.06478249,  1.88280746
 -1.06465749,  1.88305747
 -1.06465749,  1.88293246
 -1.06465749,  1.88280746
 -1.06503250,  1.88268245
 -1.06465749,  1.88293246
 -1.06465749,  1.88293246
 -1.06465749,  1.88280746
 -1.06465749,  1.88255745
 -1.06503250,  1.88268245
 -1.06478249,  1.88268245
 -1.06503250,  1.88280746
 -1.06490750,  1.88280746
 -1.06515751,  1.88268245
 -1.06503250,  1.88268245
 -1.06478249,  1.88293246
 -1.06453249,  1.88280746
 -1.06465749,  1.88293246
 -1.06478249,  1.88268245
 -1.06465749,  1.88280746
 -1.06465749,  1.88280746
 -1.06453249,  1.88293246
 -1.06478249,  1.88280746
 -1.06465749,  1.88293246
 -1.06465749,  1.88280746
 -1.06490750,  1.88280746
 -1.06478249,  1.88280746
 -1.06478249,  1.88293246
 -1.06490750,  1.88293246
 -1.06478249,  1.88280746
 -1.06465749,  1.88280746
 -1.06478249,  1.88293246
 -1.06503250,  1.88305747
 -1.06465749,  1.88293246
 -1.06478249,  1.88293246
 -1.06453249,  1.88305747
 -1.06478249,  1.88280746
 -1.06490750,  1.88268245
 -1.06478249,  1.88268245
 -1.06503250,  1.88268245
 -1.06503250,  1.88280746
 -1.06515751,  1.88280746
 -1.06528251,  1.88280746
 -1.06503250,  1.88280746
 -1.06490750,  1.88268245
 -1.06478249,  1.88280746
 -1.06478249,  1.88305747
 -1.06490750,  1.88293246
 -1.06490750,  1.88305747
 -1.06453249,  1.88305747
 -1.06465749,  1.88293246
 -1.06478249,  1.88305747
 -1.06465749,  1.88305747
 -1.06465749,  1.88293246
 -1.06453249,  1.88305747
 -1.06515751,  1.88293246
 -1.06515751,  1.88268245
 -1.06478249,  1.88280746
 -1.06490750,  1.88293246
 -1.06465749,  1.88305747
 -1.06503250,  1.88293246
 -1.06490750,  1.88293246
 -1.06478249,  1.88305747
 -1.06503250,  1.88293246
 -1.06490750,  1.88293246
 -1.06490750,  1.88293246
 -1.06478249,  1.88293246
 -1.06503250,  1.88293246
 -1.06478249,  1.88305747
 -1.06528251,  1.88280746
 -1.06490750,  1.88305747
 -1.06490750,  1.88293246
 -1.06478249,  1.88280746
 -1.06503250,  1.88293246
 -1.06515751,  1.88305747
 -1.06503250,  1.88280746
 -1.06503250,  1.88280746
 -1.06515751,  1.88280746
 -1.06515751,  1.88268245
 -1.06515751,  1.88280746
 -1.06515751,  1.88280746
 -1.06503250,  1.88280746
 -1.06528251,  1.88268245
 -1.06528251,  1.88268245
 -1.06515751,  1.88268245
 -1.06515751,  1.88268245
 -1.06540751,  1.88280746
 -1.06540751,  1.88280746
 -1.06540751,  1.88268245
 -1.06540751,  1.88280746
 -1.06528251,  1.88268245
 -1.06515751,  1.88268245
 -1.06503250,  1.88268245
 -1.06540751,  1.88280746
 -1.06540751,  1.88268245
 -1.06515751,  1.88268245
 -1.06540751,  1.88280746
 -1.06540751,  1.88280746
 -1.06540751,  1.88255745
 -1.06515751,  1.88268245
 -1.06528251,  1.88280746
 -1.06503250,  1.88293246
 -1.06515751,  1.88280746
 -1.06540751,  1.88268245
 -1.06515751,  1.88280746
 -1.06515751,  1.88255745
 -1.06490750,  1.88280746
 -1.06490750,  1.88280746
 -1.06503250,  1.88280746
 -1.06515751,  1.88268245
 -1.06540751,  1.88280746
 -1.06503250,  1.88280746
 -1.06515751,  1.88293246
 -1.06503250,  1.88268245
 -1.06490750,  1.88293246
 -1.06515751,  1.88280746
 -1.06515751,  1.88280746
 -1.06490750,  1.88280746
 -1.06515751,  1.88293246
 -1.06503250,  1.88305747
 -1.06528251,  1.88293246
 -1.06503250,  1.88255745
 -1.06490750,  1.88280746
 -1.06503250,  1.88280746
 -1.06490750,  1.88293246
 -1.06515751,  1.88268245
 -1.06503250,  1.88268245
 -1.06503250,  1.88280746
 -1.06478249,  1.88293246
 -1.06478249,  1.88280746
 -1.06478249,  1.88280746
 -1.06478249,  1.88280746
 -1.06490750,  1.88268245
 -1.06478249,  1.88293246
 -1.06490750,  1.88293246
 -1.06503250,  1.88293246
 -1.06490750,  1.88268245
 -1.06490750,  1.88293246
 -1.06478249,  1.88280746
 -1.06490750,  1.88268245
 -1.06528251,  1.88268245
 -1.06515751,  1.88280746
 -1.06528251,  1.88268245
 -1.06515751,  1.88255745
 -1.06515751,  1.88268245
 -1.06528251,  1.88268245
 -1.06515751,  1.88243245
 -1.06528251,  1.88255745
 -1.06528251,  1.88255745
 -1.06503250,  1.88268245
 -1.06503250,  1.88268245
 -1.06528251,  1.88280746
 -1.06503250,  1.88255745
 -1.06503250,  1.88268245
 -1.06503250,  1.88268245
 -1.06503250,  1.88280746
 -1.06490750,  1.88293246
 -1.06478249,  1.88293246
 -1.06490750,  1.88280746
 -1.06478249,  1.88305747
 -1.06490750,  1.88268245
 -1.06490750,  1.88268245
 -1.06490750,  1.88280746
 -1.06478249,  1.88280746
 -1.06465749,  1.88280746
 -1.06503250,  1.88293246
 -1.06490750,  1.88280746
 -1.06490750,  1.88280746
 -1.06503250,  1.88268245
 -1.06503250,  1.88293246
 -1.06478249,  1.88293246
 -1.06503250,  1.88255745
 -1.06503250,  1.88255745
 -1.06503250,  1.88268245
 -1.06503250,  1.88268245
 -1.06490750,  1.88280746
 -1.06503250,  1.88293246
 -1.06478249,  1.88268245
 -1.06465749,  1.88293246
 -1.06490750,  1.88268245
 -1.06465749,  1.88280746
 -1.06490750,  1.88268245
 -1.06465749,  1.88255745
 -1.06465749,  1.88268245
 -1.06503250,  1.88255745
 -1.06490750,  1.88293246
 -1.06503250,  1.88280746
 -1.06528251,  1.88268245
 -1.06503250,  1.88255745
 -1.06503250,  1.88280746
 -1.06478249,  1.88268245
 -1.06490750,  1.88280746
 -1.06490750,  1.88268245
 -1.06503250,  1.88268245
 -1.06528251,  1.88280746
 -1.06490750,  1.88268245
 -1.06515751,  1.88268245
 -1.06503250,  1.88280746
 -1.06490750,  1.88293246
 -1.06503250,  1.88280746
 -1.06503250,  1.88280746
 -1.06515751,  1.88268245
 -1.06490750,  1.88268245
 -1.06528251,  1.88268245
 -1.06503250,  1.88268245
 -1.06503250,  1.88280746
 -1.06478249,  1.88268245
 -1.06503250,  1.88280746
 -1.06528251,  1.88255745
 -1.06515751,  1.88255745
 -1.06515751,  1.88268245
 -1.06503250,  1.88268245
 -1.06503250,  1.88268245
 -1.06515751,  1.88255745
 -1.06503250,  1.88280746
 -1.06478249,  1.88293246
 -1.06478249,  1.88268245
 -1.06490750,  1.88268245
 -1.06503250,  1.88293246
 -1.06490750,  1.88280746
 -1.06465749,  1.88255745
 -1.06490750,  1.88268245
 -1.06478249,  1.88280746
 -1.06478249,  1.88280746
 -1.06465749,  1.88255745
 -1.06453249,  1.88293246
 -1.06453249,  1.88280746
 -1.06490750,  1.88268245
 -1.06465749,  1.88255745
 -1.06478249,  1.88268245
 -1.06465749,  1.88268245
 -1.06478249,  1.88293246
 -1.06503250,  1.88268245
 -1.06490750,  1.88268245
 -1.06453249,  1.88255745
 -1.06465749,  1.88280746
 -1.06490750,  1.88255745
 -1.06528251,  1.88268245
 -1.06490750,  1.88268245
 -1.06503250,  1.88255745
 -1.06478249,  1.88268245
 -1.06503250,  1.88255745
 -1.06503250,  1.88243245
 -1.06490750,  1.88268245
 -1.06478249,  1.88293246
 -1.06478249,  1.88280746
 -1.06440748,  1.88268245
 -1.06465749,  1.88268245
 -1.06478249,  1.88280746
 -1.06478249,  1.88280746
 -1.06465749,  1.88243245
 -1.06478249,  1.88280746
 -1.06465749,  1.88268245
 -1.06465749,  1.88268245
 -1.06453249,  1.88280746
 -1.06465749,  1.88280746
 -1.06453249,  1.88255745
 -1.06440748,  1.88268245
 -1.06465749,  1.88280746
 -1.06453249,  1.88255745
 -1.06465749,  1.88268245
 -1.06440748,  1.88280746
 -1.06440748,  1.88280746
 -1.06453249,  1.88268245
 -1.06503250,  1.88255745
 -1.06465749,  1.88255745
 -1.06478249,  1.88280746
 -1.06478249,  1.88268245
 -1.06465749,  1.88268245
 -1.06453249,  1.88293246
 -1.06440748,  1.88268245
 -1.06478249,  1.88280746
 -1.06453249,  1.88280746
 -1.06465749,  1.88255745
 -1.06453249,  1.88280746
 -1.06428248,  1.88293246
 -1.06428248,  1.88293246
 -1.06440748,  1.88280746
 -1.06465749,  1.88293246
 -1.06428248,  1.88280746
 -1.06428248,  1.88280746
 -1.06415748,  1.88293246
 -1.06428248,  1.88293246
 -1.06440748,  1.88305747
 -1.06440748,  1.88293246
 -1.06440748,  1.88293246
 -1.06428248,  1.88280746
 -1.06465749,  1.88280746
 -1.06453249,  1.88280746
 -1.06453249,  1.88280746
 -1.06453249,  1.88268245
 -1.06478249,  1.88255745
 -1.06440748,  1.88268245
 -1.06440748,  1.88280746
 -1.06465749,  1.88293246
 -1.06465749,  1.88280746
 -1.06440748,  1.88280746
 -1.06428248,  1.88293246
 -1.06440748,  1.88305747
 -1.06465749,  1.88280746
 -1.06440748,  1.88293246
 -1.06453249,  1.88280746
 -1.06453249,  1.88293246
 -1.06465749,  1.88280746
 -1.06453249,  1.88305747
 -1.06478249,  1.88280746
 -1.06453249,  1.88268245
 -1.06453249,  1.88280746
 -1.06440748,  1.88293246
 -1.06478249,  1.88293246
 -1.06465749,  1.88280746
 -1.06440748,  1.88268245
 -1.06465749,  1.88280746
 -1.06478249,  1.88280746
 -1.06453249,  1.88280746
 -1.06465749,  1.88293246
 -1.06453249,  1.88305747
 -1.06428248,  1.88293246
 -1.06440748,  1.88293246
 -1.06440748,  1.88268245
 -1.06440748,  1.88293246
 -1.06440748,  1.88305747
 -1.06440748,  1.88280746
 -1.06440748,  1.88293246
 -1.06440748,  1.88293246
 -1.06428248,  1.88293246
 -1.06440748,  1.88280746
 -1.06453249,  1.88280746
 -1.06490750,  1.88268245
 -1.06465749,  1.88280746
 -1.06428248,  1.88305747
 -1.06453249,  1.88280746
 -1.06440748,  1.88293246
 -1.06403247,  1.88280746
 -1.06453249,  1.88293246
 -1.06440748,  1.88293246
 -1.06453249,  1.88305747
 -1.06465749,  1.88305747
 -1.06428248,  1.88293246
 -1.06428248,  1.88280746
 -1.06440748,  1.88280746
 -1.06453249,  1.88280746
 -1.06453249,  1.88280746
 -1.06453249,  1.88280746
 -1.06428248,  1.88268245
 -1.06440748,  1.88280746
 -1.06440748,  1.88280746
 -1.06465749,  1.88268245
 -1.06453249,  1.88280746
 -1.06453249,  1.88268245
 -1.06453249,  1.88293246
 -1.06440748,  1.88293246
 -1.06428248,  1.88280746
 -1.06453249,  1.88293246
 -1.06440748,  1.88305747
 -1.06453249,  1.88318247
 -1.06453249,  1.88280746
 -1.06453249,  1.88280746
 -1.06465749,  1.88280746
 -1.06453249,  1.88268245
 -1.06453249,  1.88305747
 -1.06465749,  1.88280746
 -1.06465749,  1.88280746
 -1.06503250,  1.88268245
 -1.06478249,  1.88293246
 -1.06465749,  1.88268245
 -1.06478249,  1.88280746
 -1.06453249,  1.88280746
 -1.06453249,  1.88280746
 -1.06415748,  1.88293246
 -1.06415748,  1.88305747
 -1.06440748,  1.88293246
 -1.06453249,  1.88293246
 -1.06440748,  1.88280746
 -1.06453249,  1.88280746
 -1.06440748,  1.88268245
 -1.06415748,  1.88305747
 -1.06415748,  1.88280746
 -1.06440748,  1.88280746
 -1.06440748,  1.88305747
 -1.06453249,  1.88280746
 -1.06440748,  1.88293246
 -1.06428248,  1.88268245
 -1.06440748,  1.88255745
 -1.06465749,  1.88280746
 -1.06453249,  1.88268245
 -1.06465749,  1.88280746
 -1.06453249,  1.88255745
 -1.06490750,  1.88255745
 -1.06453249,  1.88268245
 -1.06465749,  1.88280746
 -1.06453249,  1.88280746
 -1.06453249,  1.88255745
 -1.06478249,  1.88268245
 -1.06465749,  1.88268245
 -1.06478249,  1.88280746
 -1.06465749,  1.88268245
 -1.06440748,  1.88280746
 -1.06478249,  1.88268245
 -1.06453249,  1.88268245
 -1.06453249,  1.88268245
 -1.06453249,  1.88268245
 -1.06465749,  1.88280746
 -1.06453249,  1.88268245
 -1.06453249,  1.88280746
 -1.06453249,  1.88268245
 -1.06465749,  1.88268245
 -1.06465749,  1.88293246
 -1.06465749,  1.88268245
 -1.06465749,  1.88280746
 -1.06453249,  1.88293246
 -1.06415748,  1.88280746
 -1.06453249,  1.88280746
 -1.06465749,  1.88293246
 -1.06453249,  1.88255745
 -1.06465749,  1.88280746
 -1.06465749,  1.88280746
 -1.06490750,  1.88280746
 -1.06465749,  1.88255745
 -1.06453249,  1.88268245
 -1.06465749,  1.88268245
 -1.06490750,  1.88280746
 -1.06465749,  1.88268245
 -1.06453249,  1.88293246
 -1.06428248,  1.88293246
 -1.06465749,  1.88255745
 -1.06478249,  1.88280746
 -1.06453249,  1.88280746
 -1.06453249,  1.88268245
 -1.06453249,  1.88280746
 -1.06453249,  1.88280746
 -1.06440748,  1.88293246
 -1.06440748,  1.88293246
 -1.06428248,  1.88293246
 -1.06440748,  1.88293246
 -1.06440748,  1.88280746
 -1.06440748,  1.88293246
 -1.06453249,  1.88268245
 -1.06453249,  1.88280746
 -1.06453249,  1.88280746
 -1.06453249,  1.88293246
 -1.06453249,  1.88293246
 -1.06440748,  1.88280746
 -1.06453249,  1.88268245
 -1.06453249,  1.88255745
 -1.06453249,  1.88268245
 -1.06453249,  1.88255745
 -1.06453249,  1.88293246
 -1.06465749,  1.88280746
 -1.06440748,  1.88268245
 -1.06453249,  1.88268245
 -1.06453249,  1.88305747
 -1.06440748,  1.88280746
 -1.06453249,  1.88268245
 -1.06465749,  1.88293246
 -1.06453249,  1.88293246
 -1.06440748,  1.88280746
 -1.06440748,  1.88268245
 -1.06453249,  1.88268245
 -1.06453249,  1.88293246
 -1.06440748,  1.88293246
 -1.06465749,  1.88280746
 -1.06453249,  1.88268245
 -1.06440748,  1.88280746
 -1.06453249,  1.88293246
 -1.06453249,  1.88268245
 -1.06440748,  1.88280746
 -1.06440748,  1.88268245
 -1.06428248,  1.88293246
 -1.06453249,  1.88293246
 -1.06440748,  1.88280746
 -1.06465749,  1.88268245
 -1.06440748,  1.88280746
 -1.06440748,  1.88293246
 -1.06428248,  1.88305747
 -1.06428248,  1.88305747
 -1.06403247,  1.88305747
 -1.06403247,  1.88293246
 -1.06403247,  1.88293246
 -1.06453249,  1.88293246
 -1.06428248,  1.88293246
 -1.06415748,  1.88293246
 -1.06428248,  1.88280746
 -1.06453249,  1.88280746
 -1.06453249,  1.88280746
 -1.06440748,  1.88293246
 -1.06428248,  1.88268245
 -1.06453249,  1.88268245
 -1.06428248,  1.88280746
 -1.06453249,  1.88293246
 -1.06403247,  1.88293246
 -1.06428248,  1.88305747
 -1.06403247,  1.88293246
 -1.06415748,  1.88293246
 -1.06428248,  1.88268245
 -1.06428248,  1.88293246
 -1.06415748,  1.88280746
 -1.06428248,  1.88268245
 -1.06403247,  1.88280746
 -1.06428248,  1.88268245
 -1.06428248,  1.88280746
 -1.06440748,  1.88280746
 -1.06415748,  1.88280746
 -1.06415748,  1.88293246
 -1.06415748,  1.88280746
 -1.06428248,  1.88268245
 -1.06415748,  1.88280746
 -1.06440748,  1.88268245
 -1.06415748,  1.88293246
 -1.06428248,  1.88293246
 -1.06390747,  1.88305747
 -1.06390747,  1.88305747
 -1.06428248,  1.88293246
 -1.06403247,  1.88293246
 -1.06428248,  1.88305747
 -1.06428248,  1.88280746
 -1.06415748,  1.88293246
 -1.06440748,  1.88268245
 -1.06415748,  1.88293246
 -1.06415748,  1.88305747
 -1.06428248,  1.88305747
 -1.06440748,  1.88280746
 -1.06453249,  1.88280746
 -1.06428248,  1.88305747
 -1.06440748,  1.88280746
 -1.06440748,  1.88293246
 -1.06428248,  1.88305747
 -1.06428248,  1.88268245
 -1.06440748,  1.88293246
 -1.06440748,  1.88280746
 -1.06428248,  1.88280746
 -1.06428248,  1.88293246
 -1.06440748,  1.88280746
 -1.06415748,  1.88268245
 -1.06415748,  1.88280746
 -1.06415748,  1.88280746
 -1.06440748,  1.88255745
 -1.06428248,  1.88280746
 -1.06440748,  1.88268245
 -1.06440748,  1.88268245
 -1.06453249,  1.88268245
 -1.06453249,  1.88280746
 -1.06415748,  1.88280746
 -1.06465749,  1.88280746
 -1.06453249,  1.88280746
 -1.06465749,  1.88268245
 -1.06465749,  1.88293246
 -1.06428248,  1.88293246
 -1.06465749,  1.88293246
 -1.06440748,  1.88268245
 -1.06453249,  1.88280746
 -1.06453249,  1.88268245
 -1.06453249,  1.88268245
 -1.06453249,  1.88280746
 -1.06428248,  1.88268245
 -1.06428248,  1.88268245
 -1.06440748,  1.88280746
 -1.06453249,  1.88255745
 -1.06478249,  1.88255745
 -1.06453249,  1.88268245
 -1.06453249,  1.88280746
 -1.06453249,  1.88280746
 -1.06428248,  1.88280746
 -1.06453249,  1.88305747
 -1.06440748,  1.88280746
 -1.06415748,  1.88280746
 -1.06465749,  1.88293246
 -1.06428248,  1.88280746
 -1.06453249,  1.88280746
 -1.06440748,  1.88280746
 -1.06428248,  1.88280746
 -1.06428248,  1.88293246
 -1.06440748,  1.88280746
 -1.06428248,  1.88293246
 -1.06440748,  1.88280746
 -1.06453249,  1.88280746
 -1.06453249,  1.88293246
 -1.06428248,  1.88293246
 -1.06440748,  1.88305747
 -1.06415748,  1.88268245
 -1.06440748,  1.88280746
 -1.06453249,  1.88293246
 -1.06428248,  1.88268245
 -1.06453249,  1.88268245
 -1.06440748,  1.88280746
 -1.06465749,  1.88293246
 -1.06428248,  1.88268245
 -1.06440748,  1.88280746
 -1.06440748,  1.88280746
 -1.06440748,  1.88280746
 -1.06415748,  1.88280746
 -1.06440748,  1.88268245
 -1.06440748,  1.88268245
 -1.06415748,  1.88293246
 -1.06415748,  1.88268245
 -1.06440748,  1.88280746
 -1.06415748,  1.88280746
 -1.06453249,  1.88280746
 -1.06428248,  1.88293246
 -1.06428248,  1.88280746
 -1.06415748,  1.88280746
 -1.06415748,  1.88268245
 -1.06428248,  1.88280746
 -1.06415748,  1.88280746
 -1.06428248,  1.88268245
 -1.06415748,  1.88268245
 -1.06440748,  1.88268245
 -1.06415748,  1.88293246
 -1.06440748,  1.88268245
 -1.06440748,  1.88280746
 -1.06440748,  1.88268245
 -1.06428248,  1.88280746
 -1.06415748,  1.88243245
 -1.06403247,  1.88280746
 -1.06415748,  1.88280746
 -1.06415748,  1.88293246
 -1.06403247,  1.88280746
 -1.06428248,  1.88280746
 -1.06403247,  1.88280746
 -1.06415748,  1.88280746
 -1.06428248,  1.88280746
 -1.06440748,  1.88280746
 -1.06415748,  1.88280746
 -1.06403247,  1.88280746
 -1.06403247,  1.88280746
 -1.06403247,  1.88280746
 -1.06415748,  1.88280746
 -1.06390747,  1.88293246
 -1.06428248,  1.88280746
 -1.06415748,  1.88305747
 -1.06415748,  1.88280746
 -1.06415748,  1.88280746
 -1.06403247,  1.88280746
 -1.06440748,  1.88280746
 -1.06440748,  1.88280746
 -1.06415748,  1.88293246
 -1.06465749,  1.88268245
 -1.06440748,  1.88280746
 -1.06428248,  1.88268245
 -1.06428248,  1.88318247
 -1.06428248,  1.88293246
 -1.06415748,  1.88280746
 -1.06415748,  1.88280746
 -1.06440748,  1.88280746
 -1.06428248,  1.88268245
 -1.06440748,  1.88305747
 -1.06440748,  1.88280746
 -1.06428248,  1.88280746
 -1.06453249,  1.88293246
 -1.06453249,  1.88293246
 -1.06428248,  1.88318247
 -1.06428248,  1.88293246
 -1.06428248,  1.88280746
 -1.06440748,  1.88280746
 -1.06403247,  1.88280746
 -1.06440748,  1.88293246
 -1.06428248,  1.88280746
 -1.06440748,  1.88268245
 -1.06428248,  1.88293246
 -1.06415748,  1.88305747
 -1.06415748,  1.88305747
 -1.06390747,  1.88293246
 -1.06403247,  1.88293246
 -1.06415748,  1.88305747
 -1.06403247,  1.88293246
 -1.06390747,  1.88293246
 -1.06428248,  1.88293246
 -1.06415748,  1.88293246
 -1.06415748,  1.88280746
 -1.06403247,  1.88293246
 -1.06403247,  1.88293246
 -1.06415748,  1.88280746
 -1.06440748,  1.88280746
 -1.06428248,  1.88293246
 -1.06415748,  1.88293246
 -1.06415748,  1.88293246
 -1.06403247,  1.88293246
 -1.06390747,  1.88305747
 -1.06403247,  1.88318247
 -1.06390747,  1.88293246
 -1.06415748,  1.88305747
 -1.06378246,  1.88305747
 -1.06390747,  1.88293246
 -1.06390747,  1.88293246
 -1.06403247,  1.88293246
 -1.06403247,  1.88293246
 -1.06428248,  1.88293246
 -1.06428248,  1.88268245
 -1.06390747,  1.88293246
 -1.06403247,  1.88280746
 -1.06390747,  1.88293246
 -1.06403247,  1.88280746
 -1.06390747,  1.88280746
 -1.06415748,  1.88268245
 -1.06403247,  1.88293246
 -1.06403247,  1.88293246
 -1.06403247,  1.88293246
 -1.06378246,  1.88293246
 -1.06403247,  1.88293246
 -1.06378246,  1.88293246
 -1.06390747,  1.88293246
 -1.06390747,  1.88293246
 -1.06403247,  1.88293246
 -1.06390747,  1.88318247
 -1.06378246,  1.88293246
 -1.06378246,  1.88293246
 -1.06378246,  1.88293246
 -1.06403247,  1.88293246
 -1.06378246,  1.88293246
 -1.06378246,  1.88293246
 -1.06390747,  1.88293246
 -1.06415748,  1.88293246
 -1.06390747,  1.88293246
 -1.06365746,  1.88293246
 -1.06365746,  1.88305747
 -1.06365746,  1.88305747
 -1.06403247,  1.88280746
 -1.06390747,  1.88293246
 -1.06403247,  1.88280746
 -1.06365746,  1.88305747
 -1.06390747,  1.88305747
 -1.06390747,  1.88293246
 -1.06390747,  1.88305747
 -1.06365746,  1.88318247
 -1.06378246,  1.88280746
 -1.06365746,  1.88293246
 -1.06403247,  1.88280746
 -1.06403247,  1.88293246
 -1.06403247,  1.88280746
 -1.06415748,  1.88293246
 -1.06415748,  1.88318247
 -1.06365746,  1.88305747
 -1.06365746,  1.88293246
 -1.06378246,  1.88305747
 -1.06378246,  1.88305747
 -1.06365746,  1.88318247
 -1.06378246,  1.88305747
 -1.06365746,  1.88330747
 -1.06328245,  1.88305747
 -1.06365746,  1.88305747
 -1.06365746,  1.88318247
 -1.06340745,  1.88305747
 -1.06365746,  1.88293246
 -1.06378246,  1.88318247
 -1.06378246,  1.88318247
 -1.06390747,  1.88280746
 -1.06378246,  1.88280746
 -1.06365746,  1.88293246
 -1.06378246,  1.88318247
 -1.06353246,  1.88280746
 -1.06378246,  1.88318247
 -1.06365746,  1.88305747
 -1.06365746,  1.88293246
 -1.06378246,  1.88293246
 -1.06353246,  1.88293246
 -1.06340745,  1.88293246
 -1.06353246,  1.88318247
 -1.06353246,  1.88293246
 -1.06365746,  1.88318247
 -1.06365746,  1.88318247
 -1.06353246,  1.88305747
 -1.06353246,  1.88318247
 -1.06353246,  1.88318247
 -1.06365746,  1.88305747
 -1.06353246,  1.88318247
 -1.06353246,  1.88293246
 -1.06365746,  1.88293246
 -1.06378246,  1.88305747
 -1.06340745,  1.88318247
 -1.06378246,  1.88293246
 -1.06390747,  1.88293246
 -1.06340745,  1.88280746
 -1.06365746,  1.88293246
 -1.06378246,  1.88293246
 -1.06390747,  1.88293246
 -1.06378246,  1.88293246
 -1.06390747,  1.88280746
 -1.06378246,  1.88305747
 -1.06365746,  1.88293246
 -1.06390747,  1.88268245
 -1.06390747,  1.88268245
 -1.06390747,  1.88280746
 -1.06390747,  1.88305747
 -1.06365746,  1.88293246
 -1.06378246,  1.88305747
 -1.06365746,  1.88293246
 -1.06390747,  1.88280746
 -1.06365746,  1.88293246
 -1.06378246,  1.88305747
 -1.06378246,  1.88318247
 -1.06365746,  1.88293246
 -1.06378246,  1.88305747
 -1.06365746,  1.88293246
 -1.06365746,  1.88293246
 -1.06378246,  1.88280746
 -1.06403247,  1.88268245
 -1.06353246,  1.88280746
 -1.06365746,  1.88293246
 -1.06390747,  1.88268245
 -1.06365746,  1.88280746
 -1.06378246,  1.88293246
 -1.06378246,  1.88268245
 -1.06365746,  1.88293246
 -1.06378246,  1.88293246
 -1.06378246,  1.88305747
 -1.06353246,  1.88280746
 -1.06365746,  1.88293246
 -1.06365746,  1.88293246
 -1.06378246,  1.88293246
 -1.06378246,  1.88293246
 -1.06390747,  1.88293246
 -1.06353246,  1.88293246
 -1.06378246,  1.88305747
 -1.06365746,  1.88293246
 -1.06340745,  1.88293246
 -1.06340745,  1.88293246
 -1.06353246,  1.88305747
 -1.06340745,  1.88293246
 -1.06353246,  1.88293246
 -1.06378246,  1.88305747
 -1.06365746,  1.88293246
 -1.06378246,  1.88280746
 -1.06378246,  1.88293246
 -1.06365746,  1.88280746
 -1.06365746,  1.88293246
 -1.06378246,  1.88280746
 -1.06353246,  1.88305747
 -1.06365746,  1.88305747
 -1.06353246,  1.88305747
 -1.06365746,  1.88305747
 -1.06365746,  1.88280746
 -1.06365746,  1.88305747
 -1.06365746,  1.88280746
 -1.06365746,  1.88305747
 -1.06365746,  1.88280746
 -1.06390747,  1.88305747
 -1.06378246,  1.88280746
 -1.06353246,  1.88305747
 -1.06365746,  1.88293246
 -1.06353246,  1.88293246
 -1.06328245,  1.88280746
 -1.06365746,  1.88293246
 -1.06353246,  1.88280746
 -1.06390747,  1.88293246
 -1.06365746,  1.88305747
 -1.06365746,  1.88305747
 -1.06378246,  1.88293246
 -1.06365746,  1.88293246
 -1.06353246,  1.88318247
 -1.06340745,  1.88305747
 -1.06340745,  1.88318247
 -1.06328245,  1.88305747
 -1.06340745,  1.88293246
 -1.06365746,  1.88293246
 -1.06378246,  1.88293246
 -1.06390747,  1.88280746
 -1.06365746,  1.88305747
 -1.06365746,  1.88305747
 -1.06378246,  1.88293246
 -1.06353246,  1.88280746
 -1.06365746,  1.88293246
 -1.06365746,  1.88305747
 -1.06378246,  1.88280746
 -1.06365746,  1.88280746
 -1.06353246,  1.88293246
 -1.06365746,  1.88293246
 -1.06365746,  1.88305747
 -1.06378246,  1.88293246
 -1.06353246,  1.88305747
 -1.06353246,  1.88293246
 -1.06328245,  1.88293246
 -1.06340745,  1.88318247
 -1.06328245,  1.88318247
 -1.06353246,  1.88318247
 -1.06353246,  1.88305747
 -1.06328245,  1.88318247
 -1.06365746,  1.88293246
 -1.06328245,  1.88293246
 -1.06353246,  1.88305747
 -1.06340745,  1.88305747
 -1.06340745,  1.88318247
 -1.06353246,  1.88305747
 -1.06353246,  1.88305747
 -1.06328245,  1.88318247
 -1.06353246,  1.88330747
 -1.06365746,  1.88318247
 -1.06340745,  1.88318247
 -1.06365746,  1.88305747
 -1.06340745,  1.88305747
 -1.06390747,  1.88305747
 -1.06340745,  1.88305747
 -1.06353246,  1.88318247
 -1.06340745,  1.88293246
 -1.06340745,  1.88293246
 -1.06353246,  1.88305747
 -1.06340745,  1.88305747
 -1.06315744,  1.88318247
 -1.06353246,  1.88305747
 -1.06328245,  1.88318247
 -1.06353246,  1.88318247
 -1.06340745,  1.88330747
 -1.06353246,  1.88318247
 -1.06340745,  1.88293246
 -1.06328245,  1.88318247
 -1.06340745,  1.88318247
 -1.06353246,  1.88318247
 -1.06315744,  1.88318247
 -1.06340745,  1.88318247
 -1.06340745,  1.88305747
 -1.06340745,  1.88305747
 -1.06315744,  1.88305747
 -1.06328245,  1.88318247
 -1.06353246,  1.88305747
 -1.06328245,  1.88305747
 -1.06353246,  1.88318247
 -1.06365746,  1.88305747
 -1.06390747,  1.88318247
 -1.06328245,  1.88318247
 -1.06315744,  1.88318247
 -1.06340745,  1.88318247
 -1.06328245,  1.88318247
 -1.06328245,  1.88318247
 -1.06315744,  1.88318247
 -1.06353246,  1.88293246
 -1.06303244,  1.88305747
 -1.06340745,  1.88318247
 -1.06303244,  1.88343248
 -1.06328245,  1.88330747
 -1.06315744,  1.88330747
 -1.06328245,  1.88318247
 -1.06328245,  1.88305747
 -1.06340745,  1.88318247
 -1.06340745,  1.88318247
 -1.06315744,  1.88318247
 -1.06340745,  1.88318247
 -1.06315744,  1.88330747
 -1.06328245,  1.88330747
 -1.06315744,  1.88293246
 -1.06303244,  1.88343248
 -1.06315744,  1.88343248
 -1.06315744,  1.88318247
 -1.06328245,  1.88330747
 -1.06315744,  1.88330747
 -1.06303244,  1.88318247
 -1.06290744,  1.88318247
 -1.06303244,  1.88330747
 -1.06328245,  1.88318247
 -1.06315744,  1.88318247
 -1.06290744,  1.88330747
 -1.06290744,  1.88318247
 -1.06303244,  1.88318247
 -1.06303244,  1.88318247
 -1.06290744,  1.88293246
 -1.06290744,  1.88305747
 -1.06278243,  1.88305747
 -1.06278243,  1.88318247
 -1.06278243,  1.88343248
 -1.06278243,  1.88330747
 -1.06303244,  1.88318247
 -1.06290744,  1.88318247
 -1.06278243,  1.88318247
 -1.06303244,  1.88305747
 -1.06315744,  1.88330747
 -1.06290744,  1.88305747
 -1.06315744,  1.88318247
 -1.06315744,  1.88318247
 -1.06290744,  1.88318247
 -1.06303244,  1.88330747
 -1.06315744,  1.88330747
 -1.06303244,  1.88318247
 -1.06303244,  1.88318247
 -1.06290744,  1.88318247
 -1.06290744,  1.88343248
 -1.06315744,  1.88343248
 -1.06290744,  1.88318247
 -1.06303244,  1.88318247
 -1.06303244,  1.88305747
 -1.06303244,  1.88318247
 -1.06303244,  1.88318247
 -1.06315744,  1.88343248
 -1.06340745,  1.88318247
 -1.06303244,  1.88305747
 -1.06315744,  1.88330747
 -1.06328245,  1.88318247
 -1.06315744,  1.88318247
 -1.06303244,  1.88330747
 -1.06303244,  1.88305747
 -1.06315744,  1.88318247
 -1.06315744,  1.88343248
 -1.06290744,  1.88330747
 -1.06315744,  1.88318247
 -1.06315744,  1.88330747
 -1.06328245,  1.88305747
 -1.06315744,  1.88318247
 -1.06315744,  1.88330747
 -1.06315744,  1.88318247
 -1.06303244,  1.88318247
 -1.06290744,  1.88318247
 -1.06290744,  1.88330747
 -1.06315744,  1.88318247
 -1.06278243,  1.88318247
 -1.06315744,  1.88305747
 -1.06290744,  1.88318247
 -1.06290744,  1.88330747
 -1.06253243,  1.88305747
 -1.06278243,  1.88318247
 -1.06303244,  1.88305747
 -1.06290744,  1.88318247
 -1.06278243,  1.88318247
 -1.06278243,  1.88293246
 -1.06303244,  1.88330747
 -1.06278243,  1.88318247
 -1.06315744,  1.88343248
 -1.06278243,  1.88318247
 -1.06303244,  1.88330747
 -1.06290744,  1.88330747
 -1.06315744,  1.88343248
 -1.06303244,  1.88330747
 -1.06290744,  1.88343248
 -1.06290744,  1.88330747
 -1.06303244,  1.88318247
 -1.06290744,  1.88318247
 -1.06328245,  1.88318247
 -1.06315744,  1.88305747
 -1.06315744,  1.88318247
 -1.06340745,  1.88318247
 -1.06278243,  1.88305747
 -1.06315744,  1.88318247
 -1.06328245,  1.88305747
 -1.06303244,  1.88305747
 -1.06315744,  1.88330747
 -1.06303244,  1.88318247
 -1.06328245,  1.88330747
 -1.06303244,  1.88293246
 -1.06303244,  1.88330747
 -1.06303244,  1.88318247
 -1.06290744,  1.88318247
 -1.06303244,  1.88318247
 -1.06290744,  1.88330747
 -1.06290744,  1.88330747
 -1.06265743,  1.88318247
 -1.06303244,  1.88330747
 -1.06315744,  1.88318247
 -1.06290744,  1.88318247
 -1.06278243,  1.88318247
 -1.06303244,  1.88318247
 -1.06278243,  1.88318247
 -1.06265743,  1.88330747
 -1.06303244,  1.88330747
 -1.06290744,  1.88318247
 -1.06278243,  1.88318247
 -1.06278243,  1.88330747
 -1.06253243,  1.88330747
 -1.06253243,  1.88318247
 -1.06253243,  1.88330747
 -1.06278243,  1.88330747
 -1.06278243,  1.88318247
 -1.06278243,  1.88318247
 -1.06290744,  1.88318247
 -1.06265743,  1.88318247
 -1.06278243,  1.88293246
 -1.06290744,  1.88305747
 -1.06278243,  1.88305747
 -1.06290744,  1.88318247
 -1.06303244,  1.88330747
 -1.06278243,  1.88318247
 -1.06290744,  1.88318247
 -1.06303244,  1.88305747
 -1.06303244,  1.88318247
 -1.06278243,  1.88318247
 -1.06265743,  1.88318247
 -1.06278243,  1.88305747
 -1.06290744,  1.88305747
 -1.06265743,  1.88318247
 -1.06265743,  1.88318247
 -1.06290744,  1.88318247
 -1.06315744,  1.88330747
 -1.06278243,  1.88318247
 -1.06290744,  1.88330747
 -1.06303244,  1.88318247
 -1.06290744,  1.88330747
 -1.06265743,  1.88318247
 -1.06265743,  1.88330747
 -1.06253243,  1.88318247
 -1.06253243,  1.88318247
 -1.06278243,  1.88318247
 -1.06265743,  1.88318247
 -1.06278243,  1.88330747
 -1.06290744,  1.88318247
 -1.06278243,  1.88305747
 -1.06278243,  1.88318247
 -1.06290744,  1.88318247
 -1.06278243,  1.88305747
 -1.06303244,  1.88305747
 -1.06278243,  1.88330747
 -1.06278243,  1.88318247
 -1.06278243,  1.88305747
 -1.06278243,  1.88318247
 -1.06290744,  1.88293246
 -1.06278243,  1.88305747
 -1.06265743,  1.88330747
 -1.06240742,  1.88318247
 -1.06265743,  1.88318247
 -1.06278243,  1.88293246
 -1.06303244,  1.88305747
 -1.06303244,  1.88330747
 -1.06303244,  1.88305747
 -1.06315744,  1.88343248
 -1.06290744,  1.88330747
 -1.06303244,  1.88305747
 -1.06303244,  1.88318247
 -1.06315744,  1.88318247
 -1.06290744,  1.88318247
 -1.06290744,  1.88305747
 -1.06303244,  1.88305747
 -1.06278243,  1.88318247
 -1.06278243,  1.88305747
 -1.06278243,  1.88305747
 -1.06328245,  1.88293246
 -1.06340745,  1.88293246
 -1.06328245,  1.88293246
 -1.06315744,  1.88305747
 -1.06315744,  1.88305747
 -1.06328245,  1.88293246
 -1.06303244,  1.88330747
 -1.06315744,  1.88318247
 -1.06303244,  1.88305747
 -1.06328245,  1.88305747
 -1.06303244,  1.88330747
 -1.06303244,  1.88293246
 -1.06303244,  1.88318247
 -1.06303244,  1.88330747
 -1.06315744,  1.88330747
 -1.06265743,  1.88330747
 -1.06303244,  1.88318247
 -1.06290744,  1.88318247
 -1.06290744,  1.88318247
 -1.06290744,  1.88330747
 -1.06303244,  1.88318247
 -1.06303244,  1.88318247
 -1.06290744,  1.88343248
 -1.06290744,  1.88318247
 -1.06278243,  1.88318247
 -1.06290744,  1.88318247
 -1.06278243,  1.88330747
 -1.06265743,  1.88318247
 -1.06278243,  1.88330747
 -1.06303244,  1.88305747
 -1.06278243,  1.88318247
 -1.06278243,  1.88318247
 -1.06278243,  1.88305747
 -1.06278243,  1.88330747
 -1.06290744,  1.88318247
 -1.06303244,  1.88318247
 -1.06290744,  1.88305747
 -1.06290744,  1.88330747
 -1.06290744,  1.88305747
 -1.06278243,  1.88318247
 -1.06303244,  1.88305747
 -1.06315744,  1.88318247
 -1.06290744,  1.88330747
 -1.06278243,  1.88318247
 -1.06278243,  1.88330747
 -1.06290744,  1.88330747
 -1.06265743,  1.88305747
 -1.06303244,  1.88318247
 -1.06278243,  1.88305747
 -1.06290744,  1.88330747
 -1.06290744,  1.88330747
 -1.06303244,  1.88330747
 -1.06315744,  1.88318247
 -1.06278243,  1.88318247
 -1.06303244,  1.88318247
 -1.06290744,  1.88318247
 -1.06290744,  1.88318247
 -1.06303244,  1.88305747
 -1.06278243,  1.88330747
 -1.06265743,  1.88318247
 -1.06278243,  1.88330747
 -1.06265743,  1.88318247
 -1.06290744,  1.88318247
 -1.06253243,  1.88318247
 -1.06265743,  1.88318247
 -1.06278243,  1.88318247
 -1.06278243,  1.88318247
 -1.06253243,  1.88318247
 -1.06265743,  1.88330747
 -1.06265743,  1.88343248
 -1.06278243,  1.88330747
 -1.06290744,  1.88305747
 -1.06290744,  1.88318247
 -1.06278243,  1.88318247
 -1.06290744,  1.88318247
 -1.06265743,  1.88318247
 -1.06290744,  1.88330747
 -1.06303244,  1.88305747
 -1.06303244,  1.88318247
 -1.06303244,  1.88330747
 -1.06303244,  1.88330747
 -1.06290744,  1.88305747
 -1.06315744,  1.88305747
 -1.06290744,  1.88305747
 -1.06303244,  1.88293246
 -1.06303244,  1.88305747
 -1.06303244,  1.88293246
 -1.06315744,  1.88280746
 -1.06290744,  1.88293246
 -1.06290744,  1.88305747
 -1.06315744,  1.88330747
 -1.06303244,  1.88293246
 -1.06315744,  1.88305747
 -1.06315744,  1.88305747
 -1.06290744,  1.88293246
 -1.06278243,  1.88305747
 -1.06290744,  1.88330747
 -1.06303244,  1.88318247
 -1.06290744,  1.88318247
 -1.06315744,  1.88305747
 -1.06328245,  1.88318247
 -1.06303244,  1.88305747
 -1.06265743,  1.88318247
 -1.06290744,  1.88318247
 -1.06303244,  1.88330747
 -1.06265743,  1.88343248
 -1.06290744,  1.88330747
 -1.06303244,  1.88318247
 -1.06278243,  1.88318247
 -1.06303244,  1.88318247
 -1.06290744,  1.88318247
 -1.06265743,  1.88330747
 -1.06290744,  1.88330747
 -1.06290744,  1.88318247
 -1.06290744,  1.88318247
 -1.06278243,  1.88318247
 -1.06290744,  1.88318247
 -1.06278243,  1.88330747
 -1.06315744,  1.88305747
 -1.06278243,  1.88318247
 -1.06303244,  1.88318247
 -1.06278243,  1.88305747
 -1.06303244,  1.88318247
 -1.06278243,  1.88293246
 -1.06303244,  1.88330747
 -1.06303244,  1.88305747
 -1.06303244,  1.88318247
 -1.06315744,  1.88330747
 -1.06278243,  1.88330747
 -1.06278243,  1.88318247
 -1.06278243,  1.88305747
 -1.06265743,  1.88318247
 -1.06265743,  1.88318247
 -1.06265743,  1.88318247
 -1.06278243,  1.88318247
 -1.06290744,  1.88318247
 -1.06290744,  1.88330747
 -1.06278243,  1.88330747
 -1.06278243,  1.88318247
 -1.06265743,  1.88305747
 -1.06265743,  1.88318247
 -1.06290744,  1.88305747
 -1.06278243,  1.88305747
 -1.06290744,  1.88318247
 -1.06290744,  1.88305747
 -1.06278243,  1.88280746
 -1.06303244,  1.88305747
 -1.06240742,  1.88330747
 -1.06253243,  1.88330747
 -1.06278243,  1.88318247
 -1.06265743,  1.88318247
 -1.06290744,  1.88305747
 -1.06278243,  1.88318247
 -1.06265743,  1.88293246
 -1.06278243,  1.88318247
 -1.06265743,  1.88305747
 -1.06265743,  1.88318247
 -1.06265743,  1.88305747
 -1.06265743,  1.88330747
 -1.06303244,  1.88330747
 -1.06265743,  1.88318247
 -1.06253243,  1.88318247
 -1.06253243,  1.88330747
 -1.06278243,  1.88318247
 -1.06265743,  1.88330747
 -1.06265743,  1.88318247
 -1.06278243,  1.88318247
 -1.06278243,  1.88293246
 -1.06253243,  1.88318247
 -1.06265743,  1.88305747
 -1.06290744,  1.88318247
 -1.06290744,  1.88318247
 -1.06290744,  1.88318247
 -1.06278243,  1.88305747
 -1.06265743,  1.88305747
 -1.06290744,  1.88318247
 -1.06278243,  1.88280746
 -1.06290744,  1.88305747
 -1.06278243,  1.88343248
 -1.06253243,  1.88318247
 -1.06290744,  1.88318247
 -1.06278243,  1.88330747
 -1.06265743,  1.88330747
 -1.06265743,  1.88318247
 -1.06253243,  1.88318247
 -1.06253243,  1.88330747
 -1.06253243,  1.88318247
 -1.06240742,  1.88330747
 -1.06253243,  1.88305747
 -1.06253243,  1.88318247
 -1.06240742,  1.88305747
 -1.06265743,  1.88318247
 -1.06253243,  1.88330747
 -1.06265743,  1.88318247
 -1.06253243,  1.88318247
 -1.06253243,  1.88305747
 -1.06253243,  1.88330747
 -1.06278243,  1.88305747
 -1.06240742,  1.88318247
 -1.06265743,  1.88318247
 -1.06278243,  1.88318247
 -1.06265743,  1.88318247
 -1.06265743,  1.88318247
 -1.06278243,  1.88305747
 -1.06253243,  1.88330747
 -1.06278243,  1.88318247
 -1.06265743,  1.88305747
 -1.06278243,  1.88305747
 -1.06253243,  1.88318247
 -1.06290744,  1.88293246
 -1.06290744,  1.88305747
 -1.06278243,  1.88305747
 -1.06253243,  1.88318247
 -1.06240742,  1.88318247
 -1.06265743,  1.88305747
 -1.06290744,  1.88318247
 -1.06265743,  1.88330747
 -1.06253243,  1.88305747
 -1.06278243,  1.88318247
 -1.06265743,  1.88305747
 -1.06278243,  1.88318247
 -1.06278243,  1.88305747
 -1.06278243,  1.88293246
 -1.06278243,  1.88293246
 -1.06265743,  1.88318247
 -1.06278243,  1.88305747
 -1.06278243,  1.88305747
 -1.06265743,  1.88318247
 -1.06265743,  1.88305747
 -1.06290744,  1.88318247
 -1.06278243,  1.88318247
 -1.06228242,  1.88330747
 -1.06253243,  1.88318247
 -1.06253243,  1.88305747
 -1.06253243,  1.88318247
 -1.06253243,  1.88330747
 -1.06265743,  1.88318247
 -1.06278243,  1.88330747
 -1.06265743,  1.88305747
 -1.06240742,  1.88330747
 -1.06253243,  1.88318247
 -1.06253243,  1.88330747
 -1.06240742,  1.88330747
 -1.06253243,  1.88330747
 -1.06240742,  1.88318247
 -1.06253243,  1.88305747
 -1.06253243,  1.88318247
 -1.06253243,  1.88318247
 -1.06240742,  1.88330747
 -1.06253243,  1.88318247
 -1.06265743,  1.88318247
 -1.06265743,  1.88330747
 -1.06253243,  1.88330747
 -1.06240742,  1.88343248
 -1.06240742,  1.88305747
 -1.06240742,  1.88305747
 -1.06265743,  1.88318247
 -1.06240742,  1.88318247
 -1.06265743,  1.88330747
 -1.06265743,  1.88318247
 -1.06265743,  1.88318247
 -1.06253243,  1.88330747
 -1.06240742,  1.88318247
 -1.06253243,  1.88318247
 -1.06253243,  1.88305747
 -1.06253243,  1.88305747
 -1.06290744,  1.88330747
 -1.06290744,  1.88330747
 -1.06278243,  1.88318247
 -1.06253243,  1.88318247
 -1.06253243,  1.88305747
 -1.06253243,  1.88330747
 -1.06240742,  1.88318247
 -1.06240742,  1.88343248
 -1.06278243,  1.88305747
 -1.06253243,  1.88330747
 -1.06265743,  1.88318247
 -1.06228242,  1.88305747
 -1.06228242,  1.88330747
 -1.06253243,  1.88318247
 -1.06265743,  1.88318247
 -1.06290744,  1.88330747
 -1.06278243,  1.88330747
 -1.06290744,  1.88305747
 -1.06265743,  1.88305747
 -1.06265743,  1.88293246
 -1.06240742,  1.88318247
 -1.06240742,  1.88305747
 -1.06240742,  1.88343248
 -1.06215741,  1.88330747
 -1.06228242,  1.88318247
 -1.06215741,  1.88343248
 -1.06215741,  1.88330747
 -1.06215741,  1.88330747
 -1.06228242,  1.88330747
 -1.06228242,  1.88318247
 -1.06215741,  1.88330747
 -1.06203241,  1.88318247
 -1.06215741,  1.88343248
 -1.06240742,  1.88305747
 -1.06215741,  1.88330747
 -1.06190741,  1.88330747
 -1.06190741,  1.88343248
 -1.06190741,  1.88330747
 -1.06203241,  1.88318247
 -1.06203241,  1.88330747
 -1.06228242,  1.88343248
 -1.06228242,  1.88305747
 -1.06228242,  1.88305747
 -1.06228242,  1.88318247
 -1.06240742,  1.88318247
 -1.06253243,  1.88305747
 -1.06240742,  1.88318247
 -1.06228242,  1.88318247
 -1.06240742,  1.88293246
 -1.06240742,  1.88318247
 -1.06253243,  1.88318247
 -1.06240742,  1.88318247
 -1.06265743,  1.88305747
 -1.06290744,  1.88305747
 -1.06290744,  1.88293246
 -1.06265743,  1.88293246
 -1.06278243,  1.88318247
 -1.06215741,  1.88318247
 -1.06228242,  1.88305747
 -1.06265743,  1.88330747
 -1.06265743,  1.88318247
 -1.06228242,  1.88343248
 -1.06253243,  1.88318247
 -1.06240742,  1.88330747
 -1.06240742,  1.88330747
 -1.06240742,  1.88330747
 -1.06265743,  1.88343248
 -1.06253243,  1.88318247
 -1.06253243,  1.88330747
 -1.06240742,  1.88343248
 -1.06240742,  1.88330747
 -1.06228242,  1.88330747
 -1.06240742,  1.88318247
 -1.06240742,  1.88330747
 -1.06253243,  1.88305747
 -1.06228242,  1.88305747
 -1.06240742,  1.88318247
 -1.06240742,  1.88330747
 -1.06253243,  1.88318247
 -1.06253243,  1.88305747
 -1.06253243,  1.88318247
 -1.06253243,  1.88330747
 -1.06265743,  1.88318247
 -1.06240742,  1.88318247
 -1.06265743,  1.88305747
 -1.06253243,  1.88305747
 -1.06265743,  1.88318247
 -1.06240742,  1.88305747
 -1.06240742,  1.88318247
 -1.06253243,  1.88305747
 -1.06265743,  1.88318247
 -1.06265743,  1.88318247
 -1.06265743,  1.88318247
 -1.06265743,  1.88330747
 -1.06265743,  1.88318247
 -1.06253243,  1.88305747
 -1.06265743,  1.88318247
 -1.06303244,  1.88305747
 -1.06278243,  1.88305747
 -1.06278243,  1.88318247
 -1.06278243,  1.88318247
 -1.06265743,  1.88318247
 -1.06278243,  1.88318247
 -1.06253243,  1.88305747
 -1.06278243,  1.88293246
 -1.06278243,  1.88305747
 -1.06278243,  1.88318247
 -1.06290744,  1.88305747
 -1.06278243,  1.88318247
 -1.06278243,  1.88305747
 -1.06290744,  1.88293246
 -1.06290744,  1.88305747
 -1.06265743,  1.88293246
 -1.06303244,  1.88305747
 -1.06303244,  1.88305747
 -1.06290744,  1.88293246
 -1.06278243,  1.88305747
 -1.06278243,  1.88305747
 -1.06240742,  1.88318247
 -1.06240742,  1.88330747
 -1.06265743,  1.88318247
 -1.06253243,  1.88305747
 -1.06240742,  1.88330747
 -1.06240742,  1.88318247
 -1.06265743,  1.88318247
 -1.06240742,  1.88305747
 -1.06253243,  1.88330747
 -1.06253243,  1.88318247
 -1.06278243,  1.88318247
 -1.06290744,  1.88293246
 -1.06290744,  1.88305747
 -1.06278243,  1.88305747
 -1.06253243,  1.88305747
 -1.06253243,  1.88305747
 -1.06240742,  1.88318247
 -1.06253243,  1.88330747
 -1.06240742,  1.88318247
 -1.06240742,  1.88305747
 -1.06240742,  1.88318247
 -1.06265743,  1.88318247
 -1.06278243,  1.88318247
 -1.06253243,  1.88330747
 -1.06253243,  1.88330747
 -1.06240742,  1.88330747
 -1.06228242,  1.88330747
 -1.06228242,  1.88318247
 -1.06240742,  1.88330747
 -1.06228242,  1.88330747
 -1.06215741,  1.88343248
 -1.06240742,  1.88330747
 -1.06240742,  1.88330747
 -1.06215741,  1.88343248
 -1.06240742,  1.88305747
 -1.06228242,  1.88318247
 -1.06215741,  1.88330747
 -1.06203241,  1.88318247
 -1.06215741,  1.88330747
 -1.06253243,  1.88330747
 -1.06253243,  1.88318247
 -1.06253243,  1.88318247
 -1.06253243,  1.88318247
 -1.06240742,  1.88330747
 -1.06265743,  1.88318247
 -1.06215741,  1.88330747
 -1.06240742,  1.88343248
 -1.06240742,  1.88330747
 -1.06253243,  1.88330747
 -1.06228242,  1.88330747
 -1.06253243,  1.88318247
 -1.06240742,  1.88330747
 -1.06240742,  1.88318247
 -1.06240742,  1.88343248
 -1.06240742,  1.88305747
 -1.06253243,  1.88318247
 -1.06240742,  1.88305747
 -1.06265743,  1.88305747
 -1.06240742,  1.88318247
 -1.06265743,  1.88318247
 -1.06253243,  1.88318247
 -1.06240742,  1.88330747
 -1.06253243,  1.88318247
 -1.06240742,  1.88318247
 -1.06253243,  1.88330747
 -1.06253243,  1.88330747
 -1.06253243,  1.88330747
 -1.06253243,  1.88330747
 -1.06253243,  1.88330747
 -1.06253243,  1.88318247
 -1.06215741,  1.88330747
 -1.06253243,  1.88305747
 -1.06228242,  1.88318247
 -1.06203241,  1.88330747
 -1.06228242,  1.88318247
 -1.06228242,  1.88330747
 -1.06265743,  1.88330747
 -1.06203241,  1.88318247
 -1.06215741,  1.88330747
 -1.06215741,  1.88343248
 -1.06215741,  1.88355748
 -1.06215741,  1.88343248
 -1.06203241,  1.88343248
 -1.06228242,  1.88330747
 -1.06215741,  1.88343248
 -1.06203241,  1.88330747
 -1.06228242,  1.88343248
 -1.06228242,  1.88355748
 -1.06203241,  1.88343248
 -1.06228242,  1.88343248
 -1.06203241,  1.88343248
 -1.06203241,  1.88355748
 -1.06203241,  1.88330747
 -1.06240742,  1.88343248
 -1.06190741,  1.88330747
 -1.06228242,  1.88343248
 -1.06228242,  1.88330747
 -1.06215741,  1.88343248
 -1.06228242,  1.88343248
 -1.06215741,  1.88343248
 -1.06215741,  1.88355748
 -1.06265743,  1.88330747
 -1.06215741,  1.88330747
 -1.06228242,  1.88355748
 -1.06203241,  1.88330747
 -1.06240742,  1.88318247
 -1.06228242,  1.88318247
 -1.06215741,  1.88330747
 -1.06240742,  1.88318247
 -1.06228242,  1.88330747
 -1.06215741,  1.88330747
 -1.06228242,  1.88330747
 -1.06203241,  1.88318247
 -1.06228242,  1.88318247
 -1.06215741,  1.88318247
 -1.06203241,  1.88355748
 -1.06228242,  1.88330747
 -1.06215741,  1.88318247
 -1.06240742,  1.88318247
 -1.06215741,  1.88305747
 -1.06240742,  1.88305747
 -1.06240742,  1.88355748
 -1.06228242,  1.88330747
 -1.06240742,  1.88318247
 -1.06240742,  1.88318247
 -1.06215741,  1.88318247
 -1.06203241,  1.88318247
 -1.06228242,  1.88318247
 -1.06228242,  1.88330747
 -1.06215741,  1.88330747
 -1.06253243,  1.88305747
 -1.06215741,  1.88305747
 -1.06253243,  1.88318247
 -1.06253243,  1.88305747
 -1.06215741,  1.88318247
 -1.06240742,  1.88318247
 -1.06265743,  1.88318247
 -1.06265743,  1.88318247
 -1.06265743,  1.88343248
 -1.06278243,  1.88318247
 -1.06265743,  1.88318247
 -1.06278243,  1.88318247
 -1.06253243,  1.88305747
 -1.06253243,  1.88330747
 -1.06265743,  1.88318247
 -1.06253243,  1.88330747
 -1.06228242,  1.88343248
 -1.06253243,  1.88343248
 -1.06253243,  1.88330747
 -1.06240742,  1.88330747
 -1.06240742,  1.88330747
 -1.06215741,  1.88343248
 -1.06240742,  1.88330747
 -1.06228242,  1.88330747
 -1.06215741,  1.88318247
 -1.06228242,  1.88330747
 -1.06215741,  1.88330747
 -1.06228242,  1.88343248
 -1.06228242,  1.88330747
 -1.06215741,  1.88330747
 -1.06240742,  1.88330747
 -1.06240742,  1.88330747
 -1.06203241,  1.88318247
 -1.06240742,  1.88330747
 -1.06240742,  1.88330747
 -1.06228242,  1.88330747
 -1.06240742,  1.88318247
 -1.06215741,  1.88318247
 -1.06240742,  1.88343248
 -1.06240742,  1.88318247
 -1.06215741,  1.88330747
 -1.06215741,  1.88318247
 -1.06240742,  1.88330747
 -1.06215741,  1.88343248
 -1.06215741,  1.88330747
 -1.06215741,  1.88318247
 -1.06190741,  1.88330747
 -1.06228242,  1.88343248
 -1.06215741,  1.88330747
 -1.06228242,  1.88318247
 -1.06203241,  1.88330747
 -1.06228242,  1.88343248
 -1.06215741,  1.88330747
 -1.06215741,  1.88330747
 -1.06228242,  1.88330747
 -1.06203241,  1.88343248
 -1.06215741,  1.88318247
 -1.06215741,  1.88318247
 -1.06203241,  1.88330747
 -1.06215741,  1.88330747
 -1.06190741,  1.88318247
 -1.06203241,  1.88343248
 -1.06190741,  1.88330747
 -1.06228242,  1.88305747
 -1.06240742,  1.88330747
 -1.06215741,  1.88305747
 -1.06203241,  1.88305747
 -1.06228242,  1.88305747
 -1.06228242,  1.88330747
 -1.06228242,  1.88330747
 -1.06215741,  1.88330747
 -1.06203241,  1.88330747
 -1.06228242,  1.88330747
 -1.06240742,  1.88330747
 -1.06215741,  1.88343248
 -1.06203241,  1.88343248
 -1.06215741,  1.88318247
 -1.06190741,  1.88330747
 -1.06178240,  1.88330747
 -1.06178240,  1.88318247
 -1.06190741,  1.88305747
 -1.06165740,  1.88318247
 -1.06190741,  1.88343248
 -1.06178240,  1.88343248
 -1.06178240,  1.88318247
 -1.06178240,  1.88330747
 -1.06178240,  1.88330747
 -1.06190741,  1.88330747
 -1.06190741,  1.88355748
 -1.06190741,  1.88343248
 -1.06190741,  1.88343248
 -1.06203241,  1.88330747
 -1.06190741,  1.88330747
 -1.06165740,  1.88343248
 -1.06165740,  1.88330747
 -1.06165740,  1.88343248
 -1.06190741,  1.88330747
 -1.06215741,  1.88330747
 -1.06203241,  1.88343248
 -1.06153240,  1.88330747
 -1.06228242,  1.88343248
 -1.06215741,  1.88318247
 -1.06190741,  1.88318247
 -1.06203241,  1.88330747
 -1.06228242,  1.88330747
 -1.06203241,  1.88343248
 -1.06178240,  1.88355748
 -1.06215741,  1.88330747
 -1.06178240,  1.88330747
 -1.06203241,  1.88330747
 -1.06215741,  1.88318247
 -1.06203241,  1.88330747
 -1.06203241,  1.88355748
 -1.06215741,  1.88343248
 -1.06215741,  1.88330747
 -1.06190741,  1.88330747
 -1.06215741,  1.88330747
 -1.06190741,  1.88305747
 -1.06215741,  1.88343248
 -1.06203241,  1.88355748
 -1.06203241,  1.88355748
 -1.06203241,  1.88330747
 -1.06203241,  1.88343248
 -1.06165740,  1.88355748
 -1.06178240,  1.88343248
 -1.06153240,  1.88330747
 -1.06178240,  1.88330747
 -1.06178240,  1.88330747
 -1.06178240,  1.88343248
 -1.06165740,  1.88343248
 -1.06165740,  1.88343248
 -1.06178240,  1.88355748
 -1.06153240,  1.88330747
 -1.06178240,  1.88330747
 -1.06165740,  1.88318247
 -1.06203241,  1.88318247
 -1.06190741,  1.88343248
 -1.06178240,  1.88330747
 -1.06215741,  1.88305747
 -1.06203241,  1.88318247
 -1.06215741,  1.88305747
 -1.06203241,  1.88330747
 -1.06215741,  1.88318247
 -1.06228242,  1.88330747
 -1.06215741,  1.88318247
 -1.06203241,  1.88318247
 -1.06228242,  1.88330747
 -1.06203241,  1.88343248
 -1.06215741,  1.88330747
 -1.06215741,  1.88330747
 -1.06190741,  1.88330747
 -1.06190741,  1.88368249
 -1.06190741,  1.88330747
 -1.06190741,  1.88343248
 -1.06215741,  1.88330747
 -1.06190741,  1.88330747
 -1.06190741,  1.88343248
 -1.06203241,  1.88318247
 -1.06203241,  1.88318247
 -1.06178240,  1.88343248
 -1.06165740,  1.88330747
 -1.06165740,  1.88330747
 -1.06178240,  1.88355748
 -1.06165740,  1.88330747
 -1.06165740,  1.88343248
